"date_time","forecast","is_holiday","hour","day_of_week"
"2018-10-01 00:00:00",560,0,0,"Monday"
"2018-10-01 01:00:00",303,0,1,"Monday"
"2018-10-01 02:00:00",190,0,2,"Monday"
"2018-10-01 03:00:00",275,0,3,"Monday"
"2018-10-01 04:00:00",738,0,4,"Monday"
"2018-10-01 05:00:00",2439,0,5,"Monday"
"2018-10-01 06:00:00",4831,0,6,"Monday"
"2018-10-01 07:00:00",5588,0,7,"Monday"
"2018-10-01 08:00:00",5192,0,8,"Monday"
"2018-10-01 09:00:00",4561,0,9,"Monday"
"2018-10-01 10:00:00",4099,0,10,"Monday"
"2018-10-01 11:00:00",4113,0,11,"Monday"
"2018-10-01 12:00:00",4271,0,12,"Monday"
"2018-10-01 13:00:00",4354,0,13,"Monday"
"2018-10-01 14:00:00",4621,0,14,"Monday"
"2018-10-01 15:00:00",5137,0,15,"Monday"
"2018-10-01 16:00:00",5726,0,16,"Monday"
"2018-10-01 17:00:00",5180,0,17,"Monday"
"2018-10-01 18:00:00",3812,0,18,"Monday"
"2018-10-01 19:00:00",2799,0,19,"Monday"
"2018-10-01 20:00:00",2423,0,20,"Monday"
"2018-10-01 21:00:00",2087,0,21,"Monday"
"2018-10-01 22:00:00",1509,0,22,"Monday"
"2018-10-01 23:00:00",924,0,23,"Monday"
"2018-10-02 00:00:00",496,0,0,"Tuesday"
"2018-10-02 01:00:00",272,0,1,"Tuesday"
"2018-10-02 02:00:00",181,0,2,"Tuesday"
"2018-10-02 03:00:00",286,0,3,"Tuesday"
"2018-10-02 04:00:00",815,0,4,"Tuesday"
"2018-10-02 05:00:00",2706,0,5,"Tuesday"
"2018-10-02 06:00:00",5171,0,6,"Tuesday"
"2018-10-02 07:00:00",5755,0,7,"Tuesday"
"2018-10-02 08:00:00",5357,0,8,"Tuesday"
"2018-10-02 09:00:00",4770,0,9,"Tuesday"
"2018-10-02 10:00:00",4234,0,10,"Tuesday"
"2018-10-02 11:00:00",4211,0,11,"Tuesday"
"2018-10-02 12:00:00",4340,0,12,"Tuesday"
"2018-10-02 13:00:00",4421,0,13,"Tuesday"
"2018-10-02 14:00:00",4687,0,14,"Tuesday"
"2018-10-02 15:00:00",5241,0,15,"Tuesday"
"2018-10-02 16:00:00",5935,0,16,"Tuesday"
"2018-10-02 17:00:00",5427,0,17,"Tuesday"
"2018-10-02 18:00:00",3990,0,18,"Tuesday"
"2018-10-02 19:00:00",2931,0,19,"Tuesday"
"2018-10-02 20:00:00",2521,0,20,"Tuesday"
"2018-10-02 21:00:00",2231,0,21,"Tuesday"
"2018-10-02 22:00:00",1623,0,22,"Tuesday"
"2018-10-02 23:00:00",947,0,23,"Tuesday"
"2018-10-03 00:00:00",494,0,0,"Wednesday"
"2018-10-03 01:00:00",288,0,1,"Wednesday"
"2018-10-03 02:00:00",205,0,2,"Wednesday"
"2018-10-03 03:00:00",303,0,3,"Wednesday"
"2018-10-03 04:00:00",786,0,4,"Wednesday"
"2018-10-03 05:00:00",2606,0,5,"Wednesday"
"2018-10-03 06:00:00",5102,0,6,"Wednesday"
"2018-10-03 07:00:00",5724,0,7,"Wednesday"
"2018-10-03 08:00:00",5381,0,8,"Wednesday"
"2018-10-03 09:00:00",4858,0,9,"Wednesday"
"2018-10-03 10:00:00",4300,0,10,"Wednesday"
"2018-10-03 11:00:00",4292,0,11,"Wednesday"
"2018-10-03 12:00:00",4403,0,12,"Wednesday"
"2018-10-03 13:00:00",4481,0,13,"Wednesday"
"2018-10-03 14:00:00",4713,0,14,"Wednesday"
"2018-10-03 15:00:00",5235,0,15,"Wednesday"
"2018-10-03 16:00:00",5965,0,16,"Wednesday"
"2018-10-03 17:00:00",5499,0,17,"Wednesday"
"2018-10-03 18:00:00",4128,0,18,"Wednesday"
"2018-10-03 19:00:00",3038,0,19,"Wednesday"
"2018-10-03 20:00:00",2622,0,20,"Wednesday"
"2018-10-03 21:00:00",2437,0,21,"Wednesday"
"2018-10-03 22:00:00",1861,0,22,"Wednesday"
"2018-10-03 23:00:00",1092,0,23,"Wednesday"
"2018-10-04 00:00:00",569,0,0,"Thursday"
"2018-10-04 01:00:00",333,0,1,"Thursday"
"2018-10-04 02:00:00",245,0,2,"Thursday"
"2018-10-04 03:00:00",333,0,3,"Thursday"
"2018-10-04 04:00:00",797,0,4,"Thursday"
"2018-10-04 05:00:00",2633,0,5,"Thursday"
"2018-10-04 06:00:00",5120,0,6,"Thursday"
"2018-10-04 07:00:00",5724,0,7,"Thursday"
"2018-10-04 08:00:00",5336,0,8,"Thursday"
"2018-10-04 09:00:00",4775,0,9,"Thursday"
"2018-10-04 10:00:00",4375,0,10,"Thursday"
"2018-10-04 11:00:00",4408,0,11,"Thursday"
"2018-10-04 12:00:00",4517,0,12,"Thursday"
"2018-10-04 13:00:00",4609,0,13,"Thursday"
"2018-10-04 14:00:00",4823,0,14,"Thursday"
"2018-10-04 15:00:00",5296,0,15,"Thursday"
"2018-10-04 16:00:00",5953,0,16,"Thursday"
"2018-10-04 17:00:00",5513,0,17,"Thursday"
"2018-10-04 18:00:00",4245,0,18,"Thursday"
"2018-10-04 19:00:00",3151,0,19,"Thursday"
"2018-10-04 20:00:00",2752,0,20,"Thursday"
"2018-10-04 21:00:00",2635,0,21,"Thursday"
"2018-10-04 22:00:00",2116,0,22,"Thursday"
"2018-10-04 23:00:00",1296,0,23,"Thursday"
"2018-10-05 00:00:00",711,0,0,"Friday"
"2018-10-05 01:00:00",412,0,1,"Friday"
"2018-10-05 02:00:00",301,0,2,"Friday"
"2018-10-05 03:00:00",373,0,3,"Friday"
"2018-10-05 04:00:00",784,0,4,"Friday"
"2018-10-05 05:00:00",2358,0,5,"Friday"
"2018-10-05 06:00:00",4470,0,6,"Friday"
"2018-10-05 07:00:00",5346,0,7,"Friday"
"2018-10-05 08:00:00",5053,0,8,"Friday"
"2018-10-05 09:00:00",4572,0,9,"Friday"
"2018-10-05 10:00:00",4351,0,10,"Friday"
"2018-10-05 11:00:00",4419,0,11,"Friday"
"2018-10-05 12:00:00",4557,0,12,"Friday"
"2018-10-05 13:00:00",4690,0,13,"Friday"
"2018-10-05 14:00:00",4885,0,14,"Friday"
"2018-10-05 15:00:00",5236,0,15,"Friday"
"2018-10-05 16:00:00",5597,0,16,"Friday"
"2018-10-05 17:00:00",5134,0,17,"Friday"
"2018-10-05 18:00:00",4189,0,18,"Friday"
"2018-10-05 19:00:00",3278,0,19,"Friday"
"2018-10-05 20:00:00",2877,0,20,"Friday"
"2018-10-05 21:00:00",2814,0,21,"Friday"
"2018-10-05 22:00:00",2585,0,22,"Friday"
"2018-10-05 23:00:00",1938,0,23,"Friday"
"2018-10-06 00:00:00",1169,0,0,"Saturday"
"2018-10-06 01:00:00",702,0,1,"Saturday"
"2018-10-06 02:00:00",442,0,2,"Saturday"
"2018-10-06 03:00:00",351,0,3,"Saturday"
"2018-10-06 04:00:00",389,0,4,"Saturday"
"2018-10-06 05:00:00",624,0,5,"Saturday"
"2018-10-06 06:00:00",1022,0,6,"Saturday"
"2018-10-06 07:00:00",1532,0,7,"Saturday"
"2018-10-06 08:00:00",2167,0,8,"Saturday"
"2018-10-06 09:00:00",2910,0,9,"Saturday"
"2018-10-06 10:00:00",3537,0,10,"Saturday"
"2018-10-06 11:00:00",3982,0,11,"Saturday"
"2018-10-06 12:00:00",4259,0,12,"Saturday"
"2018-10-06 13:00:00",4355,0,13,"Saturday"
"2018-10-06 14:00:00",4350,0,14,"Saturday"
"2018-10-06 15:00:00",4298,0,15,"Saturday"
"2018-10-06 16:00:00",4250,0,16,"Saturday"
"2018-10-06 17:00:00",4057,0,17,"Saturday"
"2018-10-06 18:00:00",3773,0,18,"Saturday"
"2018-10-06 19:00:00",3248,0,19,"Saturday"
"2018-10-06 20:00:00",3000,0,20,"Saturday"
"2018-10-06 21:00:00",2911,0,21,"Saturday"
"2018-10-06 22:00:00",2599,0,22,"Saturday"
"2018-10-06 23:00:00",1994,0,23,"Saturday"
"2018-10-07 00:00:00",1280,0,0,"Sunday"
"2018-10-07 01:00:00",760,0,1,"Sunday"
"2018-10-07 02:00:00",460,0,2,"Sunday"
"2018-10-07 03:00:00",302,0,3,"Sunday"
"2018-10-07 04:00:00",306,0,4,"Sunday"
"2018-10-07 05:00:00",429,0,5,"Sunday"
"2018-10-07 06:00:00",767,0,6,"Sunday"
"2018-10-07 07:00:00",1211,0,7,"Sunday"
"2018-10-07 08:00:00",1794,0,8,"Sunday"
"2018-10-07 09:00:00",2533,0,9,"Sunday"
"2018-10-07 10:00:00",3222,0,10,"Sunday"
"2018-10-07 11:00:00",3733,0,11,"Sunday"
"2018-10-07 12:00:00",4061,0,12,"Sunday"
"2018-10-07 13:00:00",4201,0,13,"Sunday"
"2018-10-07 14:00:00",4221,0,14,"Sunday"
"2018-10-07 15:00:00",4192,0,15,"Sunday"
"2018-10-07 16:00:00",4136,0,16,"Sunday"
"2018-10-07 17:00:00",3931,0,17,"Sunday"
"2018-10-07 18:00:00",3455,0,18,"Sunday"
"2018-10-07 19:00:00",2925,0,19,"Sunday"
"2018-10-07 20:00:00",2568,0,20,"Sunday"
"2018-10-07 21:00:00",2201,0,21,"Sunday"
"2018-10-07 22:00:00",1624,0,22,"Sunday"
"2018-10-07 23:00:00",1022,0,23,"Sunday"
"2018-10-08 00:00:00",581,1,0,"Monday"
"2018-10-08 01:00:00",321,1,1,"Monday"
"2018-10-08 02:00:00",144,1,2,"Monday"
"2018-10-08 03:00:00",190,1,3,"Monday"
"2018-10-08 04:00:00",371,1,4,"Monday"
"2018-10-08 05:00:00",902,1,5,"Monday"
"2018-10-08 06:00:00",1385,1,6,"Monday"
"2018-10-08 07:00:00",1580,1,7,"Monday"
"2018-10-08 08:00:00",1611,1,8,"Monday"
"2018-10-08 09:00:00",1694,1,9,"Monday"
"2018-10-08 10:00:00",1886,1,10,"Monday"
"2018-10-08 11:00:00",2139,1,11,"Monday"
"2018-10-08 12:00:00",2431,1,12,"Monday"
"2018-10-08 13:00:00",2729,1,13,"Monday"
"2018-10-08 14:00:00",2970,1,14,"Monday"
"2018-10-08 15:00:00",3078,1,15,"Monday"
"2018-10-08 16:00:00",3026,1,16,"Monday"
"2018-10-08 17:00:00",2811,1,17,"Monday"
"2018-10-08 18:00:00",2557,1,18,"Monday"
"2018-10-08 19:00:00",2391,1,19,"Monday"
"2018-10-08 20:00:00",2240,1,20,"Monday"
"2018-10-08 21:00:00",1949,1,21,"Monday"
"2018-10-08 22:00:00",1434,1,22,"Monday"
"2018-10-08 23:00:00",867,1,23,"Monday"
"2018-10-09 00:00:00",388,0,0,"Tuesday"
"2018-10-09 01:00:00",149,0,1,"Tuesday"
"2018-10-09 02:00:00",110,0,2,"Tuesday"
"2018-10-09 03:00:00",249,0,3,"Tuesday"
"2018-10-09 04:00:00",734,0,4,"Tuesday"
"2018-10-09 05:00:00",2352,0,5,"Tuesday"
"2018-10-09 06:00:00",4513,0,6,"Tuesday"
"2018-10-09 07:00:00",5258,0,7,"Tuesday"
"2018-10-09 08:00:00",5016,0,8,"Tuesday"
"2018-10-09 09:00:00",4544,0,9,"Tuesday"
"2018-10-09 10:00:00",4093,0,10,"Tuesday"
"2018-10-09 11:00:00",4064,0,11,"Tuesday"
"2018-10-09 12:00:00",4182,0,12,"Tuesday"
"2018-10-09 13:00:00",4266,0,13,"Tuesday"
"2018-10-09 14:00:00",4544,0,14,"Tuesday"
"2018-10-09 15:00:00",5087,0,15,"Tuesday"
"2018-10-09 16:00:00",5733,0,16,"Tuesday"
"2018-10-09 17:00:00",5255,0,17,"Tuesday"
"2018-10-09 18:00:00",3891,0,18,"Tuesday"
"2018-10-09 19:00:00",2884,0,19,"Tuesday"
"2018-10-09 20:00:00",2480,0,20,"Tuesday"
"2018-10-09 21:00:00",2169,0,21,"Tuesday"
"2018-10-09 22:00:00",1564,0,22,"Tuesday"
"2018-10-09 23:00:00",913,0,23,"Tuesday"
"2018-10-10 00:00:00",479,0,0,"Wednesday"
"2018-10-10 01:00:00",283,0,1,"Wednesday"
"2018-10-10 02:00:00",206,0,2,"Wednesday"
"2018-10-10 03:00:00",308,0,3,"Wednesday"
"2018-10-10 04:00:00",795,0,4,"Wednesday"
"2018-10-10 05:00:00",2589,0,5,"Wednesday"
"2018-10-10 06:00:00",5018,0,6,"Wednesday"
"2018-10-10 07:00:00",5640,0,7,"Wednesday"
"2018-10-10 08:00:00",5316,0,8,"Wednesday"
"2018-10-10 09:00:00",4808,0,9,"Wednesday"
"2018-10-10 10:00:00",4273,0,10,"Wednesday"
"2018-10-10 11:00:00",4266,0,11,"Wednesday"
"2018-10-10 12:00:00",4373,0,12,"Wednesday"
"2018-10-10 13:00:00",4449,0,13,"Wednesday"
"2018-10-10 14:00:00",4683,0,14,"Wednesday"
"2018-10-10 15:00:00",5205,0,15,"Wednesday"
"2018-10-10 16:00:00",5927,0,16,"Wednesday"
"2018-10-10 17:00:00",5464,0,17,"Wednesday"
"2018-10-10 18:00:00",4102,0,18,"Wednesday"
"2018-10-10 19:00:00",3023,0,19,"Wednesday"
"2018-10-10 20:00:00",2611,0,20,"Wednesday"
"2018-10-10 21:00:00",2422,0,21,"Wednesday"
"2018-10-10 22:00:00",1848,0,22,"Wednesday"
"2018-10-10 23:00:00",1085,0,23,"Wednesday"
"2018-10-11 00:00:00",566,0,0,"Thursday"
"2018-10-11 01:00:00",332,0,1,"Thursday"
"2018-10-11 02:00:00",245,0,2,"Thursday"
"2018-10-11 03:00:00",334,0,3,"Thursday"
"2018-10-11 04:00:00",798,0,4,"Thursday"
"2018-10-11 05:00:00",2626,0,5,"Thursday"
"2018-10-11 06:00:00",5097,0,6,"Thursday"
"2018-10-11 07:00:00",5704,0,7,"Thursday"
"2018-10-11 08:00:00",5321,0,8,"Thursday"
"2018-10-11 09:00:00",4765,0,9,"Thursday"
"2018-10-11 10:00:00",4369,0,10,"Thursday"
"2018-10-11 11:00:00",4401,0,11,"Thursday"
"2018-10-11 12:00:00",4509,0,12,"Thursday"
"2018-10-11 13:00:00",4601,0,13,"Thursday"
"2018-10-11 14:00:00",4815,0,14,"Thursday"
"2018-10-11 15:00:00",5287,0,15,"Thursday"
"2018-10-11 16:00:00",5944,0,16,"Thursday"
"2018-10-11 17:00:00",5505,0,17,"Thursday"
"2018-10-11 18:00:00",4239,0,18,"Thursday"
"2018-10-11 19:00:00",3146,0,19,"Thursday"
"2018-10-11 20:00:00",2748,0,20,"Thursday"
"2018-10-11 21:00:00",2631,0,21,"Thursday"
"2018-10-11 22:00:00",2113,0,22,"Thursday"
"2018-10-11 23:00:00",1295,0,23,"Thursday"
"2018-10-12 00:00:00",710,0,0,"Friday"
"2018-10-12 01:00:00",412,0,1,"Friday"
"2018-10-12 02:00:00",301,0,2,"Friday"
"2018-10-12 03:00:00",373,0,3,"Friday"
"2018-10-12 04:00:00",783,0,4,"Friday"
"2018-10-12 05:00:00",2354,0,5,"Friday"
"2018-10-12 06:00:00",4461,0,6,"Friday"
"2018-10-12 07:00:00",5340,0,7,"Friday"
"2018-10-12 08:00:00",5049,0,8,"Friday"
"2018-10-12 09:00:00",4570,0,9,"Friday"
"2018-10-12 10:00:00",4349,0,10,"Friday"
"2018-10-12 11:00:00",4417,0,11,"Friday"
"2018-10-12 12:00:00",4555,0,12,"Friday"
"2018-10-12 13:00:00",4688,0,13,"Friday"
"2018-10-12 14:00:00",4882,0,14,"Friday"
"2018-10-12 15:00:00",5233,0,15,"Friday"
"2018-10-12 16:00:00",5594,0,16,"Friday"
"2018-10-12 17:00:00",5131,0,17,"Friday"
"2018-10-12 18:00:00",4188,0,18,"Friday"
"2018-10-12 19:00:00",3277,0,19,"Friday"
"2018-10-12 20:00:00",2876,0,20,"Friday"
"2018-10-12 21:00:00",2813,0,21,"Friday"
"2018-10-12 22:00:00",2584,0,22,"Friday"
"2018-10-12 23:00:00",1938,0,23,"Friday"
"2018-10-13 00:00:00",1169,0,0,"Saturday"
"2018-10-13 01:00:00",702,0,1,"Saturday"
"2018-10-13 02:00:00",442,0,2,"Saturday"
"2018-10-13 03:00:00",351,0,3,"Saturday"
"2018-10-13 04:00:00",389,0,4,"Saturday"
"2018-10-13 05:00:00",623,0,5,"Saturday"
"2018-10-13 06:00:00",1021,0,6,"Saturday"
"2018-10-13 07:00:00",1531,0,7,"Saturday"
"2018-10-13 08:00:00",2165,0,8,"Saturday"
"2018-10-13 09:00:00",2908,0,9,"Saturday"
"2018-10-13 10:00:00",3535,0,10,"Saturday"
"2018-10-13 11:00:00",3980,0,11,"Saturday"
"2018-10-13 12:00:00",4258,0,12,"Saturday"
"2018-10-13 13:00:00",4354,0,13,"Saturday"
"2018-10-13 14:00:00",4349,0,14,"Saturday"
"2018-10-13 15:00:00",4297,0,15,"Saturday"
"2018-10-13 16:00:00",4249,0,16,"Saturday"
"2018-10-13 17:00:00",4056,0,17,"Saturday"
"2018-10-13 18:00:00",3772,0,18,"Saturday"
"2018-10-13 19:00:00",3247,0,19,"Saturday"
"2018-10-13 20:00:00",3000,0,20,"Saturday"
"2018-10-13 21:00:00",2911,0,21,"Saturday"
"2018-10-13 22:00:00",2599,0,22,"Saturday"
"2018-10-13 23:00:00",1994,0,23,"Saturday"
"2018-10-14 00:00:00",1280,0,0,"Sunday"
"2018-10-14 01:00:00",760,0,1,"Sunday"
"2018-10-14 02:00:00",459,0,2,"Sunday"
"2018-10-14 03:00:00",302,0,3,"Sunday"
"2018-10-14 04:00:00",306,0,4,"Sunday"
"2018-10-14 05:00:00",429,0,5,"Sunday"
"2018-10-14 06:00:00",767,0,6,"Sunday"
"2018-10-14 07:00:00",1211,0,7,"Sunday"
"2018-10-14 08:00:00",1794,0,8,"Sunday"
"2018-10-14 09:00:00",2533,0,9,"Sunday"
"2018-10-14 10:00:00",3222,0,10,"Sunday"
"2018-10-14 11:00:00",3733,0,11,"Sunday"
"2018-10-14 12:00:00",4061,0,12,"Sunday"
"2018-10-14 13:00:00",4201,0,13,"Sunday"
"2018-10-14 14:00:00",4220,0,14,"Sunday"
"2018-10-14 15:00:00",4192,0,15,"Sunday"
"2018-10-14 16:00:00",4136,0,16,"Sunday"
"2018-10-14 17:00:00",3930,0,17,"Sunday"
"2018-10-14 18:00:00",3455,0,18,"Sunday"
"2018-10-14 19:00:00",2925,0,19,"Sunday"
"2018-10-14 20:00:00",2568,0,20,"Sunday"
"2018-10-14 21:00:00",2201,0,21,"Sunday"
"2018-10-14 22:00:00",1624,0,22,"Sunday"
"2018-10-14 23:00:00",1022,0,23,"Sunday"
"2018-10-15 00:00:00",581,0,0,"Monday"
"2018-10-15 01:00:00",311,0,1,"Monday"
"2018-10-15 02:00:00",205,0,2,"Monday"
"2018-10-15 03:00:00",297,0,3,"Monday"
"2018-10-15 04:00:00",773,0,4,"Monday"
"2018-10-15 05:00:00",2459,0,5,"Monday"
"2018-10-15 06:00:00",4762,0,6,"Monday"
"2018-10-15 07:00:00",5486,0,7,"Monday"
"2018-10-15 08:00:00",5103,0,8,"Monday"
"2018-10-15 09:00:00",4490,0,9,"Monday"
"2018-10-15 10:00:00",4061,0,10,"Monday"
"2018-10-15 11:00:00",4081,0,11,"Monday"
"2018-10-15 12:00:00",4235,0,12,"Monday"
"2018-10-15 13:00:00",4324,0,13,"Monday"
"2018-10-15 14:00:00",4596,0,14,"Monday"
"2018-10-15 15:00:00",5111,0,15,"Monday"
"2018-10-15 16:00:00",5678,0,16,"Monday"
"2018-10-15 17:00:00",5124,0,17,"Monday"
"2018-10-15 18:00:00",3778,0,18,"Monday"
"2018-10-15 19:00:00",2783,0,19,"Monday"
"2018-10-15 20:00:00",2405,0,20,"Monday"
"2018-10-15 21:00:00",2066,0,21,"Monday"
"2018-10-15 22:00:00",1495,0,22,"Monday"
"2018-10-15 23:00:00",916,0,23,"Monday"
"2018-10-16 00:00:00",492,0,0,"Tuesday"
"2018-10-16 01:00:00",271,0,1,"Tuesday"
"2018-10-16 02:00:00",181,0,2,"Tuesday"
"2018-10-16 03:00:00",288,0,3,"Tuesday"
"2018-10-16 04:00:00",821,0,4,"Tuesday"
"2018-10-16 05:00:00",2713,0,5,"Tuesday"
"2018-10-16 06:00:00",5160,0,6,"Tuesday"
"2018-10-16 07:00:00",5737,0,7,"Tuesday"
"2018-10-16 08:00:00",5342,0,8,"Tuesday"
"2018-10-16 09:00:00",4757,0,9,"Tuesday"
"2018-10-16 10:00:00",4227,0,10,"Tuesday"
"2018-10-16 11:00:00",4205,0,11,"Tuesday"
"2018-10-16 12:00:00",4334,0,12,"Tuesday"
"2018-10-16 13:00:00",4414,0,13,"Tuesday"
"2018-10-16 14:00:00",4681,0,14,"Tuesday"
"2018-10-16 15:00:00",5236,0,15,"Tuesday"
"2018-10-16 16:00:00",5928,0,16,"Tuesday"
"2018-10-16 17:00:00",5420,0,17,"Tuesday"
"2018-10-16 18:00:00",3984,0,18,"Tuesday"
"2018-10-16 19:00:00",2928,0,19,"Tuesday"
"2018-10-16 20:00:00",2519,0,20,"Tuesday"
"2018-10-16 21:00:00",2228,0,21,"Tuesday"
"2018-10-16 22:00:00",1620,0,22,"Tuesday"
"2018-10-16 23:00:00",946,0,23,"Tuesday"
"2018-10-17 00:00:00",493,0,0,"Wednesday"
"2018-10-17 01:00:00",288,0,1,"Wednesday"
"2018-10-17 02:00:00",205,0,2,"Wednesday"
"2018-10-17 03:00:00",303,0,3,"Wednesday"
"2018-10-17 04:00:00",787,0,4,"Wednesday"
"2018-10-17 05:00:00",2605,0,5,"Wednesday"
"2018-10-17 06:00:00",5099,0,6,"Wednesday"
"2018-10-17 07:00:00",5721,0,7,"Wednesday"
"2018-10-17 08:00:00",5378,0,8,"Wednesday"
"2018-10-17 09:00:00",4856,0,9,"Wednesday"
"2018-10-17 10:00:00",4299,0,10,"Wednesday"
"2018-10-17 11:00:00",4291,0,11,"Wednesday"
"2018-10-17 12:00:00",4402,0,12,"Wednesday"
"2018-10-17 13:00:00",4480,0,13,"Wednesday"
"2018-10-17 14:00:00",4712,0,14,"Wednesday"
"2018-10-17 15:00:00",5234,0,15,"Wednesday"
"2018-10-17 16:00:00",5963,0,16,"Wednesday"
"2018-10-17 17:00:00",5497,0,17,"Wednesday"
"2018-10-17 18:00:00",4127,0,18,"Wednesday"
"2018-10-17 19:00:00",3037,0,19,"Wednesday"
"2018-10-17 20:00:00",2622,0,20,"Wednesday"
"2018-10-17 21:00:00",2437,0,21,"Wednesday"
"2018-10-17 22:00:00",1861,0,22,"Wednesday"
"2018-10-17 23:00:00",1092,0,23,"Wednesday"
"2018-10-18 00:00:00",569,0,0,"Thursday"
"2018-10-18 01:00:00",333,0,1,"Thursday"
"2018-10-18 02:00:00",245,0,2,"Thursday"
"2018-10-18 03:00:00",333,0,3,"Thursday"
"2018-10-18 04:00:00",797,0,4,"Thursday"
"2018-10-18 05:00:00",2632,0,5,"Thursday"
"2018-10-18 06:00:00",5119,0,6,"Thursday"
"2018-10-18 07:00:00",5723,0,7,"Thursday"
"2018-10-18 08:00:00",5335,0,8,"Thursday"
"2018-10-18 09:00:00",4775,0,9,"Thursday"
"2018-10-18 10:00:00",4375,0,10,"Thursday"
"2018-10-18 11:00:00",4407,0,11,"Thursday"
"2018-10-18 12:00:00",4517,0,12,"Thursday"
"2018-10-18 13:00:00",4608,0,13,"Thursday"
"2018-10-18 14:00:00",4823,0,14,"Thursday"
"2018-10-18 15:00:00",5296,0,15,"Thursday"
"2018-10-18 16:00:00",5953,0,16,"Thursday"
"2018-10-18 17:00:00",5512,0,17,"Thursday"
"2018-10-18 18:00:00",4245,0,18,"Thursday"
"2018-10-18 19:00:00",3150,0,19,"Thursday"
"2018-10-18 20:00:00",2751,0,20,"Thursday"
"2018-10-18 21:00:00",2634,0,21,"Thursday"
"2018-10-18 22:00:00",2115,0,22,"Thursday"
"2018-10-18 23:00:00",1296,0,23,"Thursday"
"2018-10-19 00:00:00",711,0,0,"Friday"
"2018-10-19 01:00:00",412,0,1,"Friday"
"2018-10-19 02:00:00",301,0,2,"Friday"
"2018-10-19 03:00:00",373,0,3,"Friday"
"2018-10-19 04:00:00",784,0,4,"Friday"
"2018-10-19 05:00:00",2358,0,5,"Friday"
"2018-10-19 06:00:00",4469,0,6,"Friday"
"2018-10-19 07:00:00",5346,0,7,"Friday"
"2018-10-19 08:00:00",5052,0,8,"Friday"
"2018-10-19 09:00:00",4572,0,9,"Friday"
"2018-10-19 10:00:00",4351,0,10,"Friday"
"2018-10-19 11:00:00",4419,0,11,"Friday"
"2018-10-19 12:00:00",4557,0,12,"Friday"
"2018-10-19 13:00:00",4690,0,13,"Friday"
"2018-10-19 14:00:00",4885,0,14,"Friday"
"2018-10-19 15:00:00",5236,0,15,"Friday"
"2018-10-19 16:00:00",5597,0,16,"Friday"
"2018-10-19 17:00:00",5134,0,17,"Friday"
"2018-10-19 18:00:00",4189,0,18,"Friday"
"2018-10-19 19:00:00",3278,0,19,"Friday"
"2018-10-19 20:00:00",2877,0,20,"Friday"
"2018-10-19 21:00:00",2813,0,21,"Friday"
"2018-10-19 22:00:00",2585,0,22,"Friday"
"2018-10-19 23:00:00",1938,0,23,"Friday"
"2018-10-20 00:00:00",1169,0,0,"Saturday"
"2018-10-20 01:00:00",702,0,1,"Saturday"
"2018-10-20 02:00:00",442,0,2,"Saturday"
"2018-10-20 03:00:00",351,0,3,"Saturday"
"2018-10-20 04:00:00",389,0,4,"Saturday"
"2018-10-20 05:00:00",624,0,5,"Saturday"
"2018-10-20 06:00:00",1022,0,6,"Saturday"
"2018-10-20 07:00:00",1532,0,7,"Saturday"
"2018-10-20 08:00:00",2167,0,8,"Saturday"
"2018-10-20 09:00:00",2909,0,9,"Saturday"
"2018-10-20 10:00:00",3537,0,10,"Saturday"
"2018-10-20 11:00:00",3981,0,11,"Saturday"
"2018-10-20 12:00:00",4259,0,12,"Saturday"
"2018-10-20 13:00:00",4355,0,13,"Saturday"
"2018-10-20 14:00:00",4350,0,14,"Saturday"
"2018-10-20 15:00:00",4298,0,15,"Saturday"
"2018-10-20 16:00:00",4250,0,16,"Saturday"
"2018-10-20 17:00:00",4057,0,17,"Saturday"
"2018-10-20 18:00:00",3773,0,18,"Saturday"
"2018-10-20 19:00:00",3248,0,19,"Saturday"
"2018-10-20 20:00:00",3000,0,20,"Saturday"
"2018-10-20 21:00:00",2911,0,21,"Saturday"
"2018-10-20 22:00:00",2599,0,22,"Saturday"
"2018-10-20 23:00:00",1994,0,23,"Saturday"
"2018-10-21 00:00:00",1280,0,0,"Sunday"
"2018-10-21 01:00:00",760,0,1,"Sunday"
"2018-10-21 02:00:00",460,0,2,"Sunday"
"2018-10-21 03:00:00",302,0,3,"Sunday"
"2018-10-21 04:00:00",306,0,4,"Sunday"
"2018-10-21 05:00:00",429,0,5,"Sunday"
"2018-10-21 06:00:00",767,0,6,"Sunday"
"2018-10-21 07:00:00",1211,0,7,"Sunday"
"2018-10-21 08:00:00",1794,0,8,"Sunday"
"2018-10-21 09:00:00",2533,0,9,"Sunday"
"2018-10-21 10:00:00",3222,0,10,"Sunday"
"2018-10-21 11:00:00",3733,0,11,"Sunday"
"2018-10-21 12:00:00",4061,0,12,"Sunday"
"2018-10-21 13:00:00",4201,0,13,"Sunday"
"2018-10-21 14:00:00",4221,0,14,"Sunday"
"2018-10-21 15:00:00",4192,0,15,"Sunday"
"2018-10-21 16:00:00",4136,0,16,"Sunday"
"2018-10-21 17:00:00",3931,0,17,"Sunday"
"2018-10-21 18:00:00",3455,0,18,"Sunday"
"2018-10-21 19:00:00",2925,0,19,"Sunday"
"2018-10-21 20:00:00",2568,0,20,"Sunday"
"2018-10-21 21:00:00",2201,0,21,"Sunday"
"2018-10-21 22:00:00",1624,0,22,"Sunday"
"2018-10-21 23:00:00",1022,0,23,"Sunday"
"2018-10-22 00:00:00",581,0,0,"Monday"
"2018-10-22 01:00:00",311,0,1,"Monday"
"2018-10-22 02:00:00",205,0,2,"Monday"
"2018-10-22 03:00:00",297,0,3,"Monday"
"2018-10-22 04:00:00",773,0,4,"Monday"
"2018-10-22 05:00:00",2459,0,5,"Monday"
"2018-10-22 06:00:00",4762,0,6,"Monday"
"2018-10-22 07:00:00",5486,0,7,"Monday"
"2018-10-22 08:00:00",5103,0,8,"Monday"
"2018-10-22 09:00:00",4490,0,9,"Monday"
"2018-10-22 10:00:00",4061,0,10,"Monday"
"2018-10-22 11:00:00",4081,0,11,"Monday"
"2018-10-22 12:00:00",4235,0,12,"Monday"
"2018-10-22 13:00:00",4324,0,13,"Monday"
"2018-10-22 14:00:00",4596,0,14,"Monday"
"2018-10-22 15:00:00",5111,0,15,"Monday"
"2018-10-22 16:00:00",5678,0,16,"Monday"
"2018-10-22 17:00:00",5124,0,17,"Monday"
"2018-10-22 18:00:00",3778,0,18,"Monday"
"2018-10-22 19:00:00",2783,0,19,"Monday"
"2018-10-22 20:00:00",2405,0,20,"Monday"
"2018-10-22 21:00:00",2066,0,21,"Monday"
"2018-10-22 22:00:00",1495,0,22,"Monday"
"2018-10-22 23:00:00",916,0,23,"Monday"
"2018-10-23 00:00:00",492,0,0,"Tuesday"
"2018-10-23 01:00:00",271,0,1,"Tuesday"
"2018-10-23 02:00:00",181,0,2,"Tuesday"
"2018-10-23 03:00:00",288,0,3,"Tuesday"
"2018-10-23 04:00:00",821,0,4,"Tuesday"
"2018-10-23 05:00:00",2713,0,5,"Tuesday"
"2018-10-23 06:00:00",5160,0,6,"Tuesday"
"2018-10-23 07:00:00",5737,0,7,"Tuesday"
"2018-10-23 08:00:00",5342,0,8,"Tuesday"
"2018-10-23 09:00:00",4757,0,9,"Tuesday"
"2018-10-23 10:00:00",4227,0,10,"Tuesday"
"2018-10-23 11:00:00",4205,0,11,"Tuesday"
"2018-10-23 12:00:00",4334,0,12,"Tuesday"
"2018-10-23 13:00:00",4414,0,13,"Tuesday"
"2018-10-23 14:00:00",4681,0,14,"Tuesday"
"2018-10-23 15:00:00",5236,0,15,"Tuesday"
"2018-10-23 16:00:00",5928,0,16,"Tuesday"
"2018-10-23 17:00:00",5420,0,17,"Tuesday"
"2018-10-23 18:00:00",3984,0,18,"Tuesday"
"2018-10-23 19:00:00",2928,0,19,"Tuesday"
"2018-10-23 20:00:00",2519,0,20,"Tuesday"
"2018-10-23 21:00:00",2228,0,21,"Tuesday"
"2018-10-23 22:00:00",1620,0,22,"Tuesday"
"2018-10-23 23:00:00",946,0,23,"Tuesday"
"2018-10-24 00:00:00",493,0,0,"Wednesday"
"2018-10-24 01:00:00",288,0,1,"Wednesday"
"2018-10-24 02:00:00",205,0,2,"Wednesday"
"2018-10-24 03:00:00",303,0,3,"Wednesday"
"2018-10-24 04:00:00",787,0,4,"Wednesday"
"2018-10-24 05:00:00",2605,0,5,"Wednesday"
"2018-10-24 06:00:00",5099,0,6,"Wednesday"
"2018-10-24 07:00:00",5721,0,7,"Wednesday"
"2018-10-24 08:00:00",5378,0,8,"Wednesday"
"2018-10-24 09:00:00",4856,0,9,"Wednesday"
"2018-10-24 10:00:00",4299,0,10,"Wednesday"
"2018-10-24 11:00:00",4291,0,11,"Wednesday"
"2018-10-24 12:00:00",4402,0,12,"Wednesday"
"2018-10-24 13:00:00",4480,0,13,"Wednesday"
"2018-10-24 14:00:00",4712,0,14,"Wednesday"
"2018-10-24 15:00:00",5234,0,15,"Wednesday"
"2018-10-24 16:00:00",5963,0,16,"Wednesday"
"2018-10-24 17:00:00",5497,0,17,"Wednesday"
"2018-10-24 18:00:00",4127,0,18,"Wednesday"
"2018-10-24 19:00:00",3037,0,19,"Wednesday"
"2018-10-24 20:00:00",2622,0,20,"Wednesday"
"2018-10-24 21:00:00",2437,0,21,"Wednesday"
"2018-10-24 22:00:00",1861,0,22,"Wednesday"
"2018-10-24 23:00:00",1092,0,23,"Wednesday"
"2018-10-25 00:00:00",569,0,0,"Thursday"
"2018-10-25 01:00:00",333,0,1,"Thursday"
"2018-10-25 02:00:00",245,0,2,"Thursday"
"2018-10-25 03:00:00",333,0,3,"Thursday"
"2018-10-25 04:00:00",797,0,4,"Thursday"
"2018-10-25 05:00:00",2632,0,5,"Thursday"
"2018-10-25 06:00:00",5119,0,6,"Thursday"
"2018-10-25 07:00:00",5723,0,7,"Thursday"
"2018-10-25 08:00:00",5335,0,8,"Thursday"
"2018-10-25 09:00:00",4775,0,9,"Thursday"
"2018-10-25 10:00:00",4375,0,10,"Thursday"
"2018-10-25 11:00:00",4407,0,11,"Thursday"
"2018-10-25 12:00:00",4517,0,12,"Thursday"
"2018-10-25 13:00:00",4608,0,13,"Thursday"
"2018-10-25 14:00:00",4823,0,14,"Thursday"
"2018-10-25 15:00:00",5296,0,15,"Thursday"
"2018-10-25 16:00:00",5953,0,16,"Thursday"
"2018-10-25 17:00:00",5512,0,17,"Thursday"
"2018-10-25 18:00:00",4245,0,18,"Thursday"
"2018-10-25 19:00:00",3150,0,19,"Thursday"
"2018-10-25 20:00:00",2751,0,20,"Thursday"
"2018-10-25 21:00:00",2634,0,21,"Thursday"
"2018-10-25 22:00:00",2115,0,22,"Thursday"
"2018-10-25 23:00:00",1296,0,23,"Thursday"
"2018-10-26 00:00:00",711,0,0,"Friday"
"2018-10-26 01:00:00",412,0,1,"Friday"
"2018-10-26 02:00:00",301,0,2,"Friday"
"2018-10-26 03:00:00",373,0,3,"Friday"
"2018-10-26 04:00:00",784,0,4,"Friday"
"2018-10-26 05:00:00",2358,0,5,"Friday"
"2018-10-26 06:00:00",4469,0,6,"Friday"
"2018-10-26 07:00:00",5346,0,7,"Friday"
"2018-10-26 08:00:00",5052,0,8,"Friday"
"2018-10-26 09:00:00",4572,0,9,"Friday"
"2018-10-26 10:00:00",4351,0,10,"Friday"
"2018-10-26 11:00:00",4419,0,11,"Friday"
"2018-10-26 12:00:00",4557,0,12,"Friday"
"2018-10-26 13:00:00",4690,0,13,"Friday"
"2018-10-26 14:00:00",4885,0,14,"Friday"
"2018-10-26 15:00:00",5236,0,15,"Friday"
"2018-10-26 16:00:00",5597,0,16,"Friday"
"2018-10-26 17:00:00",5134,0,17,"Friday"
"2018-10-26 18:00:00",4189,0,18,"Friday"
"2018-10-26 19:00:00",3278,0,19,"Friday"
"2018-10-26 20:00:00",2877,0,20,"Friday"
"2018-10-26 21:00:00",2813,0,21,"Friday"
"2018-10-26 22:00:00",2585,0,22,"Friday"
"2018-10-26 23:00:00",1938,0,23,"Friday"
"2018-10-27 00:00:00",1169,0,0,"Saturday"
"2018-10-27 01:00:00",702,0,1,"Saturday"
"2018-10-27 02:00:00",442,0,2,"Saturday"
"2018-10-27 03:00:00",351,0,3,"Saturday"
"2018-10-27 04:00:00",389,0,4,"Saturday"
"2018-10-27 05:00:00",624,0,5,"Saturday"
"2018-10-27 06:00:00",1022,0,6,"Saturday"
"2018-10-27 07:00:00",1532,0,7,"Saturday"
"2018-10-27 08:00:00",2167,0,8,"Saturday"
"2018-10-27 09:00:00",2909,0,9,"Saturday"
"2018-10-27 10:00:00",3537,0,10,"Saturday"
"2018-10-27 11:00:00",3981,0,11,"Saturday"
"2018-10-27 12:00:00",4259,0,12,"Saturday"
"2018-10-27 13:00:00",4355,0,13,"Saturday"
"2018-10-27 14:00:00",4350,0,14,"Saturday"
"2018-10-27 15:00:00",4298,0,15,"Saturday"
"2018-10-27 16:00:00",4250,0,16,"Saturday"
"2018-10-27 17:00:00",4057,0,17,"Saturday"
"2018-10-27 18:00:00",3773,0,18,"Saturday"
"2018-10-27 19:00:00",3248,0,19,"Saturday"
"2018-10-27 20:00:00",3000,0,20,"Saturday"
"2018-10-27 21:00:00",2911,0,21,"Saturday"
"2018-10-27 22:00:00",2599,0,22,"Saturday"
"2018-10-27 23:00:00",1994,0,23,"Saturday"
"2018-10-28 00:00:00",1280,0,0,"Sunday"
"2018-10-28 01:00:00",760,0,1,"Sunday"
"2018-10-28 02:00:00",460,0,2,"Sunday"
"2018-10-28 03:00:00",302,0,3,"Sunday"
"2018-10-28 04:00:00",306,0,4,"Sunday"
"2018-10-28 05:00:00",429,0,5,"Sunday"
"2018-10-28 06:00:00",767,0,6,"Sunday"
"2018-10-28 07:00:00",1211,0,7,"Sunday"
"2018-10-28 08:00:00",1794,0,8,"Sunday"
"2018-10-28 09:00:00",2533,0,9,"Sunday"
"2018-10-28 10:00:00",3222,0,10,"Sunday"
"2018-10-28 11:00:00",3733,0,11,"Sunday"
"2018-10-28 12:00:00",4061,0,12,"Sunday"
"2018-10-28 13:00:00",4201,0,13,"Sunday"
"2018-10-28 14:00:00",4221,0,14,"Sunday"
"2018-10-28 15:00:00",4192,0,15,"Sunday"
"2018-10-28 16:00:00",4136,0,16,"Sunday"
"2018-10-28 17:00:00",3931,0,17,"Sunday"
"2018-10-28 18:00:00",3455,0,18,"Sunday"
"2018-10-28 19:00:00",2925,0,19,"Sunday"
"2018-10-28 20:00:00",2568,0,20,"Sunday"
"2018-10-28 21:00:00",2201,0,21,"Sunday"
"2018-10-28 22:00:00",1624,0,22,"Sunday"
"2018-10-28 23:00:00",1022,0,23,"Sunday"
"2018-10-29 00:00:00",581,0,0,"Monday"
"2018-10-29 01:00:00",311,0,1,"Monday"
"2018-10-29 02:00:00",205,0,2,"Monday"
"2018-10-29 03:00:00",297,0,3,"Monday"
"2018-10-29 04:00:00",773,0,4,"Monday"
"2018-10-29 05:00:00",2459,0,5,"Monday"
"2018-10-29 06:00:00",4762,0,6,"Monday"
"2018-10-29 07:00:00",5487,0,7,"Monday"
"2018-10-29 08:00:00",5103,0,8,"Monday"
"2018-10-29 09:00:00",4490,0,9,"Monday"
"2018-10-29 10:00:00",4061,0,10,"Monday"
"2018-10-29 11:00:00",4081,0,11,"Monday"
"2018-10-29 12:00:00",4235,0,12,"Monday"
"2018-10-29 13:00:00",4324,0,13,"Monday"
"2018-10-29 14:00:00",4596,0,14,"Monday"
"2018-10-29 15:00:00",5111,0,15,"Monday"
"2018-10-29 16:00:00",5678,0,16,"Monday"
"2018-10-29 17:00:00",5124,0,17,"Monday"
"2018-10-29 18:00:00",3778,0,18,"Monday"
"2018-10-29 19:00:00",2783,0,19,"Monday"
"2018-10-29 20:00:00",2405,0,20,"Monday"
"2018-10-29 21:00:00",2066,0,21,"Monday"
"2018-10-29 22:00:00",1495,0,22,"Monday"
"2018-10-29 23:00:00",916,0,23,"Monday"
"2018-10-30 00:00:00",492,0,0,"Tuesday"
"2018-10-30 01:00:00",271,0,1,"Tuesday"
"2018-10-30 02:00:00",181,0,2,"Tuesday"
"2018-10-30 03:00:00",288,0,3,"Tuesday"
"2018-10-30 04:00:00",821,0,4,"Tuesday"
"2018-10-30 05:00:00",2713,0,5,"Tuesday"
"2018-10-30 06:00:00",5160,0,6,"Tuesday"
"2018-10-30 07:00:00",5737,0,7,"Tuesday"
"2018-10-30 08:00:00",5342,0,8,"Tuesday"
"2018-10-30 09:00:00",4757,0,9,"Tuesday"
"2018-10-30 10:00:00",4227,0,10,"Tuesday"
"2018-10-30 11:00:00",4205,0,11,"Tuesday"
"2018-10-30 12:00:00",4334,0,12,"Tuesday"
"2018-10-30 13:00:00",4414,0,13,"Tuesday"
"2018-10-30 14:00:00",4681,0,14,"Tuesday"
"2018-10-30 15:00:00",5236,0,15,"Tuesday"
"2018-10-30 16:00:00",5928,0,16,"Tuesday"
"2018-10-30 17:00:00",5420,0,17,"Tuesday"
"2018-10-30 18:00:00",3984,0,18,"Tuesday"
"2018-10-30 19:00:00",2928,0,19,"Tuesday"
"2018-10-30 20:00:00",2519,0,20,"Tuesday"
"2018-10-30 21:00:00",2228,0,21,"Tuesday"
"2018-10-30 22:00:00",1620,0,22,"Tuesday"
"2018-10-30 23:00:00",946,0,23,"Tuesday"
"2018-10-31 00:00:00",493,0,0,"Wednesday"
"2018-10-31 01:00:00",288,0,1,"Wednesday"
"2018-10-31 02:00:00",205,0,2,"Wednesday"
"2018-10-31 03:00:00",303,0,3,"Wednesday"
"2018-10-31 04:00:00",787,0,4,"Wednesday"
"2018-10-31 05:00:00",2605,0,5,"Wednesday"
"2018-10-31 06:00:00",5099,0,6,"Wednesday"
"2018-10-31 07:00:00",5721,0,7,"Wednesday"
"2018-10-31 08:00:00",5378,0,8,"Wednesday"
"2018-10-31 09:00:00",4856,0,9,"Wednesday"
"2018-10-31 10:00:00",4299,0,10,"Wednesday"
"2018-10-31 11:00:00",4291,0,11,"Wednesday"
"2018-10-31 12:00:00",4402,0,12,"Wednesday"
"2018-10-31 13:00:00",4480,0,13,"Wednesday"
"2018-10-31 14:00:00",4712,0,14,"Wednesday"
"2018-10-31 15:00:00",5234,0,15,"Wednesday"
"2018-10-31 16:00:00",5963,0,16,"Wednesday"
"2018-10-31 17:00:00",5497,0,17,"Wednesday"
"2018-10-31 18:00:00",4127,0,18,"Wednesday"
"2018-10-31 19:00:00",3037,0,19,"Wednesday"
"2018-10-31 20:00:00",2622,0,20,"Wednesday"
"2018-10-31 21:00:00",2437,0,21,"Wednesday"
"2018-10-31 22:00:00",1861,0,22,"Wednesday"
"2018-10-31 23:00:00",1092,0,23,"Wednesday"
"2018-11-01 00:00:00",569,0,0,"Thursday"
"2018-11-01 01:00:00",345,0,1,"Thursday"
"2018-11-01 02:00:00",264,0,2,"Thursday"
"2018-11-01 03:00:00",352,0,3,"Thursday"
"2018-11-01 04:00:00",778,0,4,"Thursday"
"2018-11-01 05:00:00",2482,0,5,"Thursday"
"2018-11-01 06:00:00",4911,0,6,"Thursday"
"2018-11-01 07:00:00",5616,0,7,"Thursday"
"2018-11-01 08:00:00",5274,0,8,"Thursday"
"2018-11-01 09:00:00",4766,0,9,"Thursday"
"2018-11-01 10:00:00",4378,0,10,"Thursday"
"2018-11-01 11:00:00",4407,0,11,"Thursday"
"2018-11-01 12:00:00",4518,0,12,"Thursday"
"2018-11-01 13:00:00",4626,0,13,"Thursday"
"2018-11-01 14:00:00",4858,0,14,"Thursday"
"2018-11-01 15:00:00",5324,0,15,"Thursday"
"2018-11-01 16:00:00",5950,0,16,"Thursday"
"2018-11-01 17:00:00",5514,0,17,"Thursday"
"2018-11-01 18:00:00",4225,0,18,"Thursday"
"2018-11-01 19:00:00",3100,0,19,"Thursday"
"2018-11-01 20:00:00",2696,0,20,"Thursday"
"2018-11-01 21:00:00",2595,0,21,"Thursday"
"2018-11-01 22:00:00",2095,0,22,"Thursday"
"2018-11-01 23:00:00",1289,0,23,"Thursday"
"2018-11-02 00:00:00",707,0,0,"Friday"
"2018-11-02 01:00:00",407,0,1,"Friday"
"2018-11-02 02:00:00",301,0,2,"Friday"
"2018-11-02 03:00:00",378,0,3,"Friday"
"2018-11-02 04:00:00",754,0,4,"Friday"
"2018-11-02 05:00:00",2220,0,5,"Friday"
"2018-11-02 06:00:00",4273,0,6,"Friday"
"2018-11-02 07:00:00",5244,0,7,"Friday"
"2018-11-02 08:00:00",5029,0,8,"Friday"
"2018-11-02 09:00:00",4599,0,9,"Friday"
"2018-11-02 10:00:00",4385,0,10,"Friday"
"2018-11-02 11:00:00",4436,0,11,"Friday"
"2018-11-02 12:00:00",4583,0,12,"Friday"
"2018-11-02 13:00:00",4725,0,13,"Friday"
"2018-11-02 14:00:00",4933,0,14,"Friday"
"2018-11-02 15:00:00",5283,0,15,"Friday"
"2018-11-02 16:00:00",5621,0,16,"Friday"
"2018-11-02 17:00:00",5162,0,17,"Friday"
"2018-11-02 18:00:00",4180,0,18,"Friday"
"2018-11-02 19:00:00",3236,0,19,"Friday"
"2018-11-02 20:00:00",2812,0,20,"Friday"
"2018-11-02 21:00:00",2752,0,21,"Friday"
"2018-11-02 22:00:00",2540,0,22,"Friday"
"2018-11-02 23:00:00",1900,0,23,"Friday"
"2018-11-03 00:00:00",1140,0,0,"Saturday"
"2018-11-03 01:00:00",679,0,1,"Saturday"
"2018-11-03 02:00:00",432,0,2,"Saturday"
"2018-11-03 03:00:00",352,0,3,"Saturday"
"2018-11-03 04:00:00",397,0,4,"Saturday"
"2018-11-03 05:00:00",617,0,5,"Saturday"
"2018-11-03 06:00:00",999,0,6,"Saturday"
"2018-11-03 07:00:00",1460,0,7,"Saturday"
"2018-11-03 08:00:00",2043,0,8,"Saturday"
"2018-11-03 09:00:00",2763,0,9,"Saturday"
"2018-11-03 10:00:00",3424,0,10,"Saturday"
"2018-11-03 11:00:00",3920,0,11,"Saturday"
"2018-11-03 12:00:00",4243,0,12,"Saturday"
"2018-11-03 13:00:00",4376,0,13,"Saturday"
"2018-11-03 14:00:00",4385,0,14,"Saturday"
"2018-11-03 15:00:00",4335,0,15,"Saturday"
"2018-11-03 16:00:00",4265,0,16,"Saturday"
"2018-11-03 17:00:00",4047,0,17,"Saturday"
"2018-11-03 18:00:00",3702,0,18,"Saturday"
"2018-11-03 19:00:00",3152,0,19,"Saturday"
"2018-11-03 20:00:00",2895,0,20,"Saturday"
"2018-11-03 21:00:00",2804,0,21,"Saturday"
"2018-11-03 22:00:00",2502,0,22,"Saturday"
"2018-11-03 23:00:00",1904,0,23,"Saturday"
"2018-11-04 00:00:00",1217,0,0,"Sunday"
"2018-11-04 01:00:00",723,0,1,"Sunday"
"2018-11-04 02:00:00",444,0,2,"Sunday"
"2018-11-04 03:00:00",304,0,3,"Sunday"
"2018-11-04 04:00:00",318,0,4,"Sunday"
"2018-11-04 05:00:00",434,0,5,"Sunday"
"2018-11-04 06:00:00",758,0,6,"Sunday"
"2018-11-04 07:00:00",1177,0,7,"Sunday"
"2018-11-04 08:00:00",1712,0,8,"Sunday"
"2018-11-04 09:00:00",2384,0,9,"Sunday"
"2018-11-04 10:00:00",3065,0,10,"Sunday"
"2018-11-04 11:00:00",3604,0,11,"Sunday"
"2018-11-04 12:00:00",3965,0,12,"Sunday"
"2018-11-04 13:00:00",4151,0,13,"Sunday"
"2018-11-04 14:00:00",4194,0,14,"Sunday"
"2018-11-04 15:00:00",4162,0,15,"Sunday"
"2018-11-04 16:00:00",4081,0,16,"Sunday"
"2018-11-04 17:00:00",3814,0,17,"Sunday"
"2018-11-04 18:00:00",3282,0,18,"Sunday"
"2018-11-04 19:00:00",2745,0,19,"Sunday"
"2018-11-04 20:00:00",2406,0,20,"Sunday"
"2018-11-04 21:00:00",2068,0,21,"Sunday"
"2018-11-04 22:00:00",1551,0,22,"Sunday"
"2018-11-04 23:00:00",976,0,23,"Sunday"
"2018-11-05 00:00:00",560,0,0,"Monday"
"2018-11-05 01:00:00",307,0,1,"Monday"
"2018-11-05 02:00:00",213,0,2,"Monday"
"2018-11-05 03:00:00",314,0,3,"Monday"
"2018-11-05 04:00:00",768,0,4,"Monday"
"2018-11-05 05:00:00",2344,0,5,"Monday"
"2018-11-05 06:00:00",4544,0,6,"Monday"
"2018-11-05 07:00:00",5337,0,7,"Monday"
"2018-11-05 08:00:00",5007,0,8,"Monday"
"2018-11-05 09:00:00",4450,0,9,"Monday"
"2018-11-05 10:00:00",4046,0,10,"Monday"
"2018-11-05 11:00:00",4065,0,11,"Monday"
"2018-11-05 12:00:00",4213,0,12,"Monday"
"2018-11-05 13:00:00",4319,0,13,"Monday"
"2018-11-05 14:00:00",4596,0,14,"Monday"
"2018-11-05 15:00:00",5072,0,15,"Monday"
"2018-11-05 16:00:00",5559,0,16,"Monday"
"2018-11-05 17:00:00",5022,0,17,"Monday"
"2018-11-05 18:00:00",3696,0,18,"Monday"
"2018-11-05 19:00:00",2695,0,19,"Monday"
"2018-11-05 20:00:00",2300,0,20,"Monday"
"2018-11-05 21:00:00",1975,0,21,"Monday"
"2018-11-05 22:00:00",1455,0,22,"Monday"
"2018-11-05 23:00:00",901,0,23,"Monday"
"2018-11-06 00:00:00",492,0,0,"Tuesday"
"2018-11-06 01:00:00",279,0,1,"Tuesday"
"2018-11-06 02:00:00",196,0,2,"Tuesday"
"2018-11-06 03:00:00",310,0,3,"Tuesday"
"2018-11-06 04:00:00",822,0,4,"Tuesday"
"2018-11-06 05:00:00",2610,0,5,"Tuesday"
"2018-11-06 06:00:00",5001,0,6,"Tuesday"
"2018-11-06 07:00:00",5610,0,7,"Tuesday"
"2018-11-06 08:00:00",5236,0,8,"Tuesday"
"2018-11-06 09:00:00",4707,0,9,"Tuesday"
"2018-11-06 10:00:00",4200,0,10,"Tuesday"
"2018-11-06 11:00:00",4180,0,11,"Tuesday"
"2018-11-06 12:00:00",4311,0,12,"Tuesday"
"2018-11-06 13:00:00",4393,0,13,"Tuesday"
"2018-11-06 14:00:00",4674,0,14,"Tuesday"
"2018-11-06 15:00:00",5216,0,15,"Tuesday"
"2018-11-06 16:00:00",5855,0,16,"Tuesday"
"2018-11-06 17:00:00",5348,0,17,"Tuesday"
"2018-11-06 18:00:00",3916,0,18,"Tuesday"
"2018-11-06 19:00:00",2856,0,19,"Tuesday"
"2018-11-06 20:00:00",2451,0,20,"Tuesday"
"2018-11-06 21:00:00",2163,0,21,"Tuesday"
"2018-11-06 22:00:00",1568,0,22,"Tuesday"
"2018-11-06 23:00:00",921,0,23,"Tuesday"
"2018-11-07 00:00:00",492,0,0,"Wednesday"
"2018-11-07 01:00:00",294,0,1,"Wednesday"
"2018-11-07 02:00:00",217,0,2,"Wednesday"
"2018-11-07 03:00:00",323,0,3,"Wednesday"
"2018-11-07 04:00:00",786,0,4,"Wednesday"
"2018-11-07 05:00:00",2502,0,5,"Wednesday"
"2018-11-07 06:00:00",4899,0,6,"Wednesday"
"2018-11-07 07:00:00",5567,0,7,"Wednesday"
"2018-11-07 08:00:00",5259,0,8,"Wednesday"
"2018-11-07 09:00:00",4791,0,9,"Wednesday"
"2018-11-07 10:00:00",4277,0,10,"Wednesday"
"2018-11-07 11:00:00",4268,0,11,"Wednesday"
"2018-11-07 12:00:00",4379,0,12,"Wednesday"
"2018-11-07 13:00:00",4464,0,13,"Wednesday"
"2018-11-07 14:00:00",4715,0,14,"Wednesday"
"2018-11-07 15:00:00",5230,0,15,"Wednesday"
"2018-11-07 16:00:00",5907,0,16,"Wednesday"
"2018-11-07 17:00:00",5448,0,17,"Wednesday"
"2018-11-07 18:00:00",4071,0,18,"Wednesday"
"2018-11-07 19:00:00",2976,0,19,"Wednesday"
"2018-11-07 20:00:00",2561,0,20,"Wednesday"
"2018-11-07 21:00:00",2377,0,21,"Wednesday"
"2018-11-07 22:00:00",1816,0,22,"Wednesday"
"2018-11-07 23:00:00",1070,0,23,"Wednesday"
"2018-11-08 00:00:00",564,0,0,"Thursday"
"2018-11-08 01:00:00",333,0,1,"Thursday"
"2018-11-08 02:00:00",252,0,2,"Thursday"
"2018-11-08 03:00:00",347,0,3,"Thursday"
"2018-11-08 04:00:00",786,0,4,"Thursday"
"2018-11-08 05:00:00",2514,0,5,"Thursday"
"2018-11-08 06:00:00",4915,0,6,"Thursday"
"2018-11-08 07:00:00",5580,0,7,"Thursday"
"2018-11-08 08:00:00",5235,0,8,"Thursday"
"2018-11-08 09:00:00",4729,0,9,"Thursday"
"2018-11-08 10:00:00",4358,0,10,"Thursday"
"2018-11-08 11:00:00",4389,0,11,"Thursday"
"2018-11-08 12:00:00",4499,0,12,"Thursday"
"2018-11-08 13:00:00",4605,0,13,"Thursday"
"2018-11-08 14:00:00",4838,0,14,"Thursday"
"2018-11-08 15:00:00",5305,0,15,"Thursday"
"2018-11-08 16:00:00",5930,0,16,"Thursday"
"2018-11-08 17:00:00",5488,0,17,"Thursday"
"2018-11-08 18:00:00",4204,0,18,"Thursday"
"2018-11-08 19:00:00",3085,0,19,"Thursday"
"2018-11-08 20:00:00",2685,0,20,"Thursday"
"2018-11-08 21:00:00",2587,0,21,"Thursday"
"2018-11-08 22:00:00",2087,0,22,"Thursday"
"2018-11-08 23:00:00",1284,0,23,"Thursday"
"2018-11-09 00:00:00",705,0,0,"Friday"
"2018-11-09 01:00:00",406,0,1,"Friday"
"2018-11-09 02:00:00",301,0,2,"Friday"
"2018-11-09 03:00:00",379,0,3,"Friday"
"2018-11-09 04:00:00",754,0,4,"Friday"
"2018-11-09 05:00:00",2211,0,5,"Friday"
"2018-11-09 06:00:00",4251,0,6,"Friday"
"2018-11-09 07:00:00",5224,0,7,"Friday"
"2018-11-09 08:00:00",5019,0,8,"Friday"
"2018-11-09 09:00:00",4595,0,9,"Friday"
"2018-11-09 10:00:00",4382,0,10,"Friday"
"2018-11-09 11:00:00",4432,0,11,"Friday"
"2018-11-09 12:00:00",4579,0,12,"Friday"
"2018-11-09 13:00:00",4721,0,13,"Friday"
"2018-11-09 14:00:00",4928,0,14,"Friday"
"2018-11-09 15:00:00",5276,0,15,"Friday"
"2018-11-09 16:00:00",5612,0,16,"Friday"
"2018-11-09 17:00:00",5155,0,17,"Friday"
"2018-11-09 18:00:00",4176,0,18,"Friday"
"2018-11-09 19:00:00",3233,0,19,"Friday"
"2018-11-09 20:00:00",2810,0,20,"Friday"
"2018-11-09 21:00:00",2750,0,21,"Friday"
"2018-11-09 22:00:00",2538,0,22,"Friday"
"2018-11-09 23:00:00",1898,0,23,"Friday"
"2018-11-10 00:00:00",1139,0,0,"Saturday"
"2018-11-10 01:00:00",679,0,1,"Saturday"
"2018-11-10 02:00:00",432,0,2,"Saturday"
"2018-11-10 03:00:00",352,0,3,"Saturday"
"2018-11-10 04:00:00",397,0,4,"Saturday"
"2018-11-10 05:00:00",617,0,5,"Saturday"
"2018-11-10 06:00:00",998,0,6,"Saturday"
"2018-11-10 07:00:00",1459,0,7,"Saturday"
"2018-11-10 08:00:00",2041,0,8,"Saturday"
"2018-11-10 09:00:00",2760,0,9,"Saturday"
"2018-11-10 10:00:00",3421,0,10,"Saturday"
"2018-11-10 11:00:00",3917,0,11,"Saturday"
"2018-11-10 12:00:00",4240,0,12,"Saturday"
"2018-11-10 13:00:00",4374,0,13,"Saturday"
"2018-11-10 14:00:00",4384,0,14,"Saturday"
"2018-11-10 15:00:00",4333,0,15,"Saturday"
"2018-11-10 16:00:00",4263,0,16,"Saturday"
"2018-11-10 17:00:00",4045,0,17,"Saturday"
"2018-11-10 18:00:00",3700,0,18,"Saturday"
"2018-11-10 19:00:00",3151,0,19,"Saturday"
"2018-11-10 20:00:00",2895,0,20,"Saturday"
"2018-11-10 21:00:00",2803,0,21,"Saturday"
"2018-11-10 22:00:00",2501,0,22,"Saturday"
"2018-11-10 23:00:00",1904,0,23,"Saturday"
"2018-11-11 00:00:00",1216,0,0,"Sunday"
"2018-11-11 01:00:00",723,0,1,"Sunday"
"2018-11-11 02:00:00",444,0,2,"Sunday"
"2018-11-11 03:00:00",304,0,3,"Sunday"
"2018-11-11 04:00:00",318,0,4,"Sunday"
"2018-11-11 05:00:00",434,0,5,"Sunday"
"2018-11-11 06:00:00",758,0,6,"Sunday"
"2018-11-11 07:00:00",1177,0,7,"Sunday"
"2018-11-11 08:00:00",1711,0,8,"Sunday"
"2018-11-11 09:00:00",2383,0,9,"Sunday"
"2018-11-11 10:00:00",3064,0,10,"Sunday"
"2018-11-11 11:00:00",3603,0,11,"Sunday"
"2018-11-11 12:00:00",3964,0,12,"Sunday"
"2018-11-11 13:00:00",4150,0,13,"Sunday"
"2018-11-11 14:00:00",4193,0,14,"Sunday"
"2018-11-11 15:00:00",4162,0,15,"Sunday"
"2018-11-11 16:00:00",4081,0,16,"Sunday"
"2018-11-11 17:00:00",3813,0,17,"Sunday"
"2018-11-11 18:00:00",3282,0,18,"Sunday"
"2018-11-11 19:00:00",2744,0,19,"Sunday"
"2018-11-11 20:00:00",2406,0,20,"Sunday"
"2018-11-11 21:00:00",2067,0,21,"Sunday"
"2018-11-11 22:00:00",1551,0,22,"Sunday"
"2018-11-11 23:00:00",976,0,23,"Sunday"
"2018-11-12 00:00:00",560,1,0,"Monday"
"2018-11-12 01:00:00",322,1,1,"Monday"
"2018-11-12 02:00:00",156,1,2,"Monday"
"2018-11-12 03:00:00",212,1,3,"Monday"
"2018-11-12 04:00:00",386,1,4,"Monday"
"2018-11-12 05:00:00",820,1,5,"Monday"
"2018-11-12 06:00:00",1180,1,6,"Monday"
"2018-11-12 07:00:00",1263,1,7,"Monday"
"2018-11-12 08:00:00",1342,1,8,"Monday"
"2018-11-12 09:00:00",1583,1,9,"Monday"
"2018-11-12 10:00:00",1924,1,10,"Monday"
"2018-11-12 11:00:00",2240,1,11,"Monday"
"2018-11-12 12:00:00",2561,1,12,"Monday"
"2018-11-12 13:00:00",2879,1,13,"Monday"
"2018-11-12 14:00:00",3123,1,14,"Monday"
"2018-11-12 15:00:00",3212,1,15,"Monday"
"2018-11-12 16:00:00",3126,1,16,"Monday"
"2018-11-12 17:00:00",2835,1,17,"Monday"
"2018-11-12 18:00:00",2503,1,18,"Monday"
"2018-11-12 19:00:00",2280,1,19,"Monday"
"2018-11-12 20:00:00",2103,1,20,"Monday"
"2018-11-12 21:00:00",1813,1,21,"Monday"
"2018-11-12 22:00:00",1341,1,22,"Monday"
"2018-11-12 23:00:00",822,1,23,"Monday"
"2018-11-13 00:00:00",384,0,0,"Tuesday"
"2018-11-13 01:00:00",154,0,1,"Tuesday"
"2018-11-13 02:00:00",124,0,2,"Tuesday"
"2018-11-13 03:00:00",272,0,3,"Tuesday"
"2018-11-13 04:00:00",730,0,4,"Tuesday"
"2018-11-13 05:00:00",2215,0,5,"Tuesday"
"2018-11-13 06:00:00",4196,0,6,"Tuesday"
"2018-11-13 07:00:00",5028,0,7,"Tuesday"
"2018-11-13 08:00:00",4862,0,8,"Tuesday"
"2018-11-13 09:00:00",4450,0,9,"Tuesday"
"2018-11-13 10:00:00",4060,0,10,"Tuesday"
"2018-11-13 11:00:00",4035,0,11,"Tuesday"
"2018-11-13 12:00:00",4154,0,12,"Tuesday"
"2018-11-13 13:00:00",4259,0,13,"Tuesday"
"2018-11-13 14:00:00",4548,0,14,"Tuesday"
"2018-11-13 15:00:00",5068,0,15,"Tuesday"
"2018-11-13 16:00:00",5644,0,16,"Tuesday"
"2018-11-13 17:00:00",5157,0,17,"Tuesday"
"2018-11-13 18:00:00",3820,0,18,"Tuesday"
"2018-11-13 19:00:00",2809,0,19,"Tuesday"
"2018-11-13 20:00:00",2411,0,20,"Tuesday"
"2018-11-13 21:00:00",2101,0,21,"Tuesday"
"2018-11-13 22:00:00",1504,0,22,"Tuesday"
"2018-11-13 23:00:00",884,0,23,"Tuesday"
"2018-11-14 00:00:00",477,0,0,"Wednesday"
"2018-11-14 01:00:00",289,0,1,"Wednesday"
"2018-11-14 02:00:00",219,0,2,"Wednesday"
"2018-11-14 03:00:00",329,0,3,"Wednesday"
"2018-11-14 04:00:00",797,0,4,"Wednesday"
"2018-11-14 05:00:00",2487,0,5,"Wednesday"
"2018-11-14 06:00:00",4807,0,6,"Wednesday"
"2018-11-14 07:00:00",5476,0,7,"Wednesday"
"2018-11-14 08:00:00",5189,0,8,"Wednesday"
"2018-11-14 09:00:00",4735,0,9,"Wednesday"
"2018-11-14 10:00:00",4251,0,10,"Wednesday"
"2018-11-14 11:00:00",4241,0,11,"Wednesday"
"2018-11-14 12:00:00",4349,0,12,"Wednesday"
"2018-11-14 13:00:00",4434,0,13,"Wednesday"
"2018-11-14 14:00:00",4689,0,14,"Wednesday"
"2018-11-14 15:00:00",5203,0,15,"Wednesday"
"2018-11-14 16:00:00",5870,0,16,"Wednesday"
"2018-11-14 17:00:00",5410,0,17,"Wednesday"
"2018-11-14 18:00:00",4044,0,18,"Wednesday"
"2018-11-14 19:00:00",2963,0,19,"Wednesday"
"2018-11-14 20:00:00",2551,0,20,"Wednesday"
"2018-11-14 21:00:00",2362,0,21,"Wednesday"
"2018-11-14 22:00:00",1803,0,22,"Wednesday"
"2018-11-14 23:00:00",1063,0,23,"Wednesday"
"2018-11-15 00:00:00",562,0,0,"Thursday"
"2018-11-15 01:00:00",332,0,1,"Thursday"
"2018-11-15 02:00:00",252,0,2,"Thursday"
"2018-11-15 03:00:00",348,0,3,"Thursday"
"2018-11-15 04:00:00",787,0,4,"Thursday"
"2018-11-15 05:00:00",2507,0,5,"Thursday"
"2018-11-15 06:00:00",4892,0,6,"Thursday"
"2018-11-15 07:00:00",5559,0,7,"Thursday"
"2018-11-15 08:00:00",5220,0,8,"Thursday"
"2018-11-15 09:00:00",4717,0,9,"Thursday"
"2018-11-15 10:00:00",4352,0,10,"Thursday"
"2018-11-15 11:00:00",4382,0,11,"Thursday"
"2018-11-15 12:00:00",4491,0,12,"Thursday"
"2018-11-15 13:00:00",4598,0,13,"Thursday"
"2018-11-15 14:00:00",4830,0,14,"Thursday"
"2018-11-15 15:00:00",5297,0,15,"Thursday"
"2018-11-15 16:00:00",5921,0,16,"Thursday"
"2018-11-15 17:00:00",5478,0,17,"Thursday"
"2018-11-15 18:00:00",4197,0,18,"Thursday"
"2018-11-15 19:00:00",3081,0,19,"Thursday"
"2018-11-15 20:00:00",2681,0,20,"Thursday"
"2018-11-15 21:00:00",2584,0,21,"Thursday"
"2018-11-15 22:00:00",2084,0,22,"Thursday"
"2018-11-15 23:00:00",1283,0,23,"Thursday"
"2018-11-16 00:00:00",705,0,0,"Friday"
"2018-11-16 01:00:00",406,0,1,"Friday"
"2018-11-16 02:00:00",302,0,2,"Friday"
"2018-11-16 03:00:00",379,0,3,"Friday"
"2018-11-16 04:00:00",754,0,4,"Friday"
"2018-11-16 05:00:00",2208,0,5,"Friday"
"2018-11-16 06:00:00",4242,0,6,"Friday"
"2018-11-16 07:00:00",5217,0,7,"Friday"
"2018-11-16 08:00:00",5015,0,8,"Friday"
"2018-11-16 09:00:00",4593,0,9,"Friday"
"2018-11-16 10:00:00",4381,0,10,"Friday"
"2018-11-16 11:00:00",4430,0,11,"Friday"
"2018-11-16 12:00:00",4577,0,12,"Friday"
"2018-11-16 13:00:00",4719,0,13,"Friday"
"2018-11-16 14:00:00",4926,0,14,"Friday"
"2018-11-16 15:00:00",5274,0,15,"Friday"
"2018-11-16 16:00:00",5609,0,16,"Friday"
"2018-11-16 17:00:00",5153,0,17,"Friday"
"2018-11-16 18:00:00",4174,0,18,"Friday"
"2018-11-16 19:00:00",3232,0,19,"Friday"
"2018-11-16 20:00:00",2809,0,20,"Friday"
"2018-11-16 21:00:00",2749,0,21,"Friday"
"2018-11-16 22:00:00",2537,0,22,"Friday"
"2018-11-16 23:00:00",1898,0,23,"Friday"
"2018-11-17 00:00:00",1139,0,0,"Saturday"
"2018-11-17 01:00:00",679,0,1,"Saturday"
"2018-11-17 02:00:00",432,0,2,"Saturday"
"2018-11-17 03:00:00",352,0,3,"Saturday"
"2018-11-17 04:00:00",397,0,4,"Saturday"
"2018-11-17 05:00:00",617,0,5,"Saturday"
"2018-11-17 06:00:00",998,0,6,"Saturday"
"2018-11-17 07:00:00",1459,0,7,"Saturday"
"2018-11-17 08:00:00",2040,0,8,"Saturday"
"2018-11-17 09:00:00",2759,0,9,"Saturday"
"2018-11-17 10:00:00",3420,0,10,"Saturday"
"2018-11-17 11:00:00",3916,0,11,"Saturday"
"2018-11-17 12:00:00",4239,0,12,"Saturday"
"2018-11-17 13:00:00",4373,0,13,"Saturday"
"2018-11-17 14:00:00",4383,0,14,"Saturday"
"2018-11-17 15:00:00",4333,0,15,"Saturday"
"2018-11-17 16:00:00",4262,0,16,"Saturday"
"2018-11-17 17:00:00",4044,0,17,"Saturday"
"2018-11-17 18:00:00",3700,0,18,"Saturday"
"2018-11-17 19:00:00",3151,0,19,"Saturday"
"2018-11-17 20:00:00",2895,0,20,"Saturday"
"2018-11-17 21:00:00",2803,0,21,"Saturday"
"2018-11-17 22:00:00",2501,0,22,"Saturday"
"2018-11-17 23:00:00",1904,0,23,"Saturday"
"2018-11-18 00:00:00",1216,0,0,"Sunday"
"2018-11-18 01:00:00",723,0,1,"Sunday"
"2018-11-18 02:00:00",444,0,2,"Sunday"
"2018-11-18 03:00:00",304,0,3,"Sunday"
"2018-11-18 04:00:00",318,0,4,"Sunday"
"2018-11-18 05:00:00",434,0,5,"Sunday"
"2018-11-18 06:00:00",758,0,6,"Sunday"
"2018-11-18 07:00:00",1177,0,7,"Sunday"
"2018-11-18 08:00:00",1711,0,8,"Sunday"
"2018-11-18 09:00:00",2383,0,9,"Sunday"
"2018-11-18 10:00:00",3064,0,10,"Sunday"
"2018-11-18 11:00:00",3603,0,11,"Sunday"
"2018-11-18 12:00:00",3963,0,12,"Sunday"
"2018-11-18 13:00:00",4150,0,13,"Sunday"
"2018-11-18 14:00:00",4193,0,14,"Sunday"
"2018-11-18 15:00:00",4162,0,15,"Sunday"
"2018-11-18 16:00:00",4081,0,16,"Sunday"
"2018-11-18 17:00:00",3813,0,17,"Sunday"
"2018-11-18 18:00:00",3282,0,18,"Sunday"
"2018-11-18 19:00:00",2744,0,19,"Sunday"
"2018-11-18 20:00:00",2406,0,20,"Sunday"
"2018-11-18 21:00:00",2067,0,21,"Sunday"
"2018-11-18 22:00:00",1551,0,22,"Sunday"
"2018-11-18 23:00:00",976,0,23,"Sunday"
"2018-11-19 00:00:00",560,0,0,"Monday"
"2018-11-19 01:00:00",307,0,1,"Monday"
"2018-11-19 02:00:00",213,0,2,"Monday"
"2018-11-19 03:00:00",314,0,3,"Monday"
"2018-11-19 04:00:00",768,0,4,"Monday"
"2018-11-19 05:00:00",2344,0,5,"Monday"
"2018-11-19 06:00:00",4544,0,6,"Monday"
"2018-11-19 07:00:00",5337,0,7,"Monday"
"2018-11-19 08:00:00",5007,0,8,"Monday"
"2018-11-19 09:00:00",4449,0,9,"Monday"
"2018-11-19 10:00:00",4046,0,10,"Monday"
"2018-11-19 11:00:00",4065,0,11,"Monday"
"2018-11-19 12:00:00",4213,0,12,"Monday"
"2018-11-19 13:00:00",4319,0,13,"Monday"
"2018-11-19 14:00:00",4596,0,14,"Monday"
"2018-11-19 15:00:00",5072,0,15,"Monday"
"2018-11-19 16:00:00",5559,0,16,"Monday"
"2018-11-19 17:00:00",5022,0,17,"Monday"
"2018-11-19 18:00:00",3696,0,18,"Monday"
"2018-11-19 19:00:00",2695,0,19,"Monday"
"2018-11-19 20:00:00",2300,0,20,"Monday"
"2018-11-19 21:00:00",1975,0,21,"Monday"
"2018-11-19 22:00:00",1455,0,22,"Monday"
"2018-11-19 23:00:00",901,0,23,"Monday"
"2018-11-20 00:00:00",492,0,0,"Tuesday"
"2018-11-20 01:00:00",279,0,1,"Tuesday"
"2018-11-20 02:00:00",196,0,2,"Tuesday"
"2018-11-20 03:00:00",310,0,3,"Tuesday"
"2018-11-20 04:00:00",822,0,4,"Tuesday"
"2018-11-20 05:00:00",2610,0,5,"Tuesday"
"2018-11-20 06:00:00",5001,0,6,"Tuesday"
"2018-11-20 07:00:00",5610,0,7,"Tuesday"
"2018-11-20 08:00:00",5236,0,8,"Tuesday"
"2018-11-20 09:00:00",4707,0,9,"Tuesday"
"2018-11-20 10:00:00",4200,0,10,"Tuesday"
"2018-11-20 11:00:00",4180,0,11,"Tuesday"
"2018-11-20 12:00:00",4311,0,12,"Tuesday"
"2018-11-20 13:00:00",4393,0,13,"Tuesday"
"2018-11-20 14:00:00",4674,0,14,"Tuesday"
"2018-11-20 15:00:00",5216,0,15,"Tuesday"
"2018-11-20 16:00:00",5855,0,16,"Tuesday"
"2018-11-20 17:00:00",5348,0,17,"Tuesday"
"2018-11-20 18:00:00",3916,0,18,"Tuesday"
"2018-11-20 19:00:00",2856,0,19,"Tuesday"
"2018-11-20 20:00:00",2451,0,20,"Tuesday"
"2018-11-20 21:00:00",2163,0,21,"Tuesday"
"2018-11-20 22:00:00",1568,0,22,"Tuesday"
"2018-11-20 23:00:00",921,0,23,"Tuesday"
"2018-11-21 00:00:00",492,0,0,"Wednesday"
"2018-11-21 01:00:00",294,0,1,"Wednesday"
"2018-11-21 02:00:00",217,0,2,"Wednesday"
"2018-11-21 03:00:00",323,0,3,"Wednesday"
"2018-11-21 04:00:00",786,0,4,"Wednesday"
"2018-11-21 05:00:00",2502,0,5,"Wednesday"
"2018-11-21 06:00:00",4899,0,6,"Wednesday"
"2018-11-21 07:00:00",5567,0,7,"Wednesday"
"2018-11-21 08:00:00",5259,0,8,"Wednesday"
"2018-11-21 09:00:00",4791,0,9,"Wednesday"
"2018-11-21 10:00:00",4277,0,10,"Wednesday"
"2018-11-21 11:00:00",4268,0,11,"Wednesday"
"2018-11-21 12:00:00",4379,0,12,"Wednesday"
"2018-11-21 13:00:00",4464,0,13,"Wednesday"
"2018-11-21 14:00:00",4715,0,14,"Wednesday"
"2018-11-21 15:00:00",5230,0,15,"Wednesday"
"2018-11-21 16:00:00",5907,0,16,"Wednesday"
"2018-11-21 17:00:00",5448,0,17,"Wednesday"
"2018-11-21 18:00:00",4070,0,18,"Wednesday"
"2018-11-21 19:00:00",2976,0,19,"Wednesday"
"2018-11-21 20:00:00",2561,0,20,"Wednesday"
"2018-11-21 21:00:00",2377,0,21,"Wednesday"
"2018-11-21 22:00:00",1816,0,22,"Wednesday"
"2018-11-21 23:00:00",1070,0,23,"Wednesday"
"2018-11-22 00:00:00",564,1,0,"Thursday"
"2018-11-22 01:00:00",300,1,1,"Thursday"
"2018-11-22 02:00:00",158,1,2,"Thursday"
"2018-11-22 03:00:00",228,1,3,"Thursday"
"2018-11-22 04:00:00",444,1,4,"Thursday"
"2018-11-22 05:00:00",1075,1,5,"Thursday"
"2018-11-22 06:00:00",1868,1,6,"Thursday"
"2018-11-22 07:00:00",2372,1,7,"Thursday"
"2018-11-22 08:00:00",2605,1,8,"Thursday"
"2018-11-22 09:00:00",2753,1,9,"Thursday"
"2018-11-22 10:00:00",2917,1,10,"Thursday"
"2018-11-22 11:00:00",3128,1,11,"Thursday"
"2018-11-22 12:00:00",3386,1,12,"Thursday"
"2018-11-22 13:00:00",3609,1,13,"Thursday"
"2018-11-22 14:00:00",3789,1,14,"Thursday"
"2018-11-22 15:00:00",3935,1,15,"Thursday"
"2018-11-22 16:00:00",4065,1,16,"Thursday"
"2018-11-22 17:00:00",3880,1,17,"Thursday"
"2018-11-22 18:00:00",3289,1,18,"Thursday"
"2018-11-22 19:00:00",2796,1,19,"Thursday"
"2018-11-22 20:00:00",2608,1,20,"Thursday"
"2018-11-22 21:00:00",2444,1,21,"Thursday"
"2018-11-22 22:00:00",2019,1,22,"Thursday"
"2018-11-22 23:00:00",1323,1,23,"Thursday"
"2018-11-23 00:00:00",686,0,0,"Friday"
"2018-11-23 01:00:00",290,0,1,"Friday"
"2018-11-23 02:00:00",202,0,2,"Friday"
"2018-11-23 03:00:00",266,0,3,"Friday"
"2018-11-23 04:00:00",506,0,4,"Friday"
"2018-11-23 05:00:00",1006,0,5,"Friday"
"2018-11-23 06:00:00",1877,0,6,"Friday"
"2018-11-23 07:00:00",2658,0,7,"Friday"
"2018-11-23 08:00:00",3156,0,8,"Friday"
"2018-11-23 09:00:00",3475,0,9,"Friday"
"2018-11-23 10:00:00",3713,0,10,"Friday"
"2018-11-23 11:00:00",3930,0,11,"Friday"
"2018-11-23 12:00:00",4139,0,12,"Friday"
"2018-11-23 13:00:00",4294,0,13,"Friday"
"2018-11-23 14:00:00",4428,0,14,"Friday"
"2018-11-23 15:00:00",4536,0,15,"Friday"
"2018-11-23 16:00:00",4654,0,16,"Friday"
"2018-11-23 17:00:00",4512,0,17,"Friday"
"2018-11-23 18:00:00",3845,0,18,"Friday"
"2018-11-23 19:00:00",3073,0,19,"Friday"
"2018-11-23 20:00:00",2689,0,20,"Friday"
"2018-11-23 21:00:00",2604,0,21,"Friday"
"2018-11-23 22:00:00",2366,0,22,"Friday"
"2018-11-23 23:00:00",1776,0,23,"Friday"
"2018-11-24 00:00:00",1084,0,0,"Saturday"
"2018-11-24 01:00:00",653,0,1,"Saturday"
"2018-11-24 02:00:00",424,0,2,"Saturday"
"2018-11-24 03:00:00",344,0,3,"Saturday"
"2018-11-24 04:00:00",366,0,4,"Saturday"
"2018-11-24 05:00:00",567,0,5,"Saturday"
"2018-11-24 06:00:00",924,0,6,"Saturday"
"2018-11-24 07:00:00",1360,0,7,"Saturday"
"2018-11-24 08:00:00",1849,0,8,"Saturday"
"2018-11-24 09:00:00",2474,0,9,"Saturday"
"2018-11-24 10:00:00",3096,0,10,"Saturday"
"2018-11-24 11:00:00",3603,0,11,"Saturday"
"2018-11-24 12:00:00",3963,0,12,"Saturday"
"2018-11-24 13:00:00",4159,0,13,"Saturday"
"2018-11-24 14:00:00",4207,0,14,"Saturday"
"2018-11-24 15:00:00",4163,0,15,"Saturday"
"2018-11-24 16:00:00",4082,0,16,"Saturday"
"2018-11-24 17:00:00",3851,0,17,"Saturday"
"2018-11-24 18:00:00",3532,0,18,"Saturday"
"2018-11-24 19:00:00",3061,0,19,"Saturday"
"2018-11-24 20:00:00",2847,0,20,"Saturday"
"2018-11-24 21:00:00",2745,0,21,"Saturday"
"2018-11-24 22:00:00",2437,0,22,"Saturday"
"2018-11-24 23:00:00",1850,0,23,"Saturday"
"2018-11-25 00:00:00",1182,0,0,"Sunday"
"2018-11-25 01:00:00",705,0,1,"Sunday"
"2018-11-25 02:00:00",434,0,2,"Sunday"
"2018-11-25 03:00:00",299,0,3,"Sunday"
"2018-11-25 04:00:00",310,0,4,"Sunday"
"2018-11-25 05:00:00",429,0,5,"Sunday"
"2018-11-25 06:00:00",750,0,6,"Sunday"
"2018-11-25 07:00:00",1168,0,7,"Sunday"
"2018-11-25 08:00:00",1677,0,8,"Sunday"
"2018-11-25 09:00:00",2318,0,9,"Sunday"
"2018-11-25 10:00:00",2980,0,10,"Sunday"
"2018-11-25 11:00:00",3514,0,11,"Sunday"
"2018-11-25 12:00:00",3881,0,12,"Sunday"
"2018-11-25 13:00:00",4085,0,13,"Sunday"
"2018-11-25 14:00:00",4142,0,14,"Sunday"
"2018-11-25 15:00:00",4114,0,15,"Sunday"
"2018-11-25 16:00:00",4032,0,16,"Sunday"
"2018-11-25 17:00:00",3761,0,17,"Sunday"
"2018-11-25 18:00:00",3232,0,18,"Sunday"
"2018-11-25 19:00:00",2709,0,19,"Sunday"
"2018-11-25 20:00:00",2383,0,20,"Sunday"
"2018-11-25 21:00:00",2049,0,21,"Sunday"
"2018-11-25 22:00:00",1539,0,22,"Sunday"
"2018-11-25 23:00:00",969,0,23,"Sunday"
"2018-11-26 00:00:00",556,0,0,"Monday"
"2018-11-26 01:00:00",305,0,1,"Monday"
"2018-11-26 02:00:00",213,0,2,"Monday"
"2018-11-26 03:00:00",315,0,3,"Monday"
"2018-11-26 04:00:00",770,0,4,"Monday"
"2018-11-26 05:00:00",2339,0,5,"Monday"
"2018-11-26 06:00:00",4521,0,6,"Monday"
"2018-11-26 07:00:00",5314,0,7,"Monday"
"2018-11-26 08:00:00",4989,0,8,"Monday"
"2018-11-26 09:00:00",4436,0,9,"Monday"
"2018-11-26 10:00:00",4039,0,10,"Monday"
"2018-11-26 11:00:00",4058,0,11,"Monday"
"2018-11-26 12:00:00",4205,0,12,"Monday"
"2018-11-26 13:00:00",4313,0,13,"Monday"
"2018-11-26 14:00:00",4591,0,14,"Monday"
"2018-11-26 15:00:00",5063,0,15,"Monday"
"2018-11-26 16:00:00",5546,0,16,"Monday"
"2018-11-26 17:00:00",5010,0,17,"Monday"
"2018-11-26 18:00:00",3690,0,18,"Monday"
"2018-11-26 19:00:00",2692,0,19,"Monday"
"2018-11-26 20:00:00",2296,0,20,"Monday"
"2018-11-26 21:00:00",1970,0,21,"Monday"
"2018-11-26 22:00:00",1452,0,22,"Monday"
"2018-11-26 23:00:00",900,0,23,"Monday"
"2018-11-27 00:00:00",491,0,0,"Tuesday"
"2018-11-27 01:00:00",279,0,1,"Tuesday"
"2018-11-27 02:00:00",196,0,2,"Tuesday"
"2018-11-27 03:00:00",310,0,3,"Tuesday"
"2018-11-27 04:00:00",823,0,4,"Tuesday"
"2018-11-27 05:00:00",2611,0,5,"Tuesday"
"2018-11-27 06:00:00",4999,0,6,"Tuesday"
"2018-11-27 07:00:00",5606,0,7,"Tuesday"
"2018-11-27 08:00:00",5233,0,8,"Tuesday"
"2018-11-27 09:00:00",4704,0,9,"Tuesday"
"2018-11-27 10:00:00",4199,0,10,"Tuesday"
"2018-11-27 11:00:00",4179,0,11,"Tuesday"
"2018-11-27 12:00:00",4310,0,12,"Tuesday"
"2018-11-27 13:00:00",4391,0,13,"Tuesday"
"2018-11-27 14:00:00",4673,0,14,"Tuesday"
"2018-11-27 15:00:00",5215,0,15,"Tuesday"
"2018-11-27 16:00:00",5854,0,16,"Tuesday"
"2018-11-27 17:00:00",5346,0,17,"Tuesday"
"2018-11-27 18:00:00",3915,0,18,"Tuesday"
"2018-11-27 19:00:00",2855,0,19,"Tuesday"
"2018-11-27 20:00:00",2451,0,20,"Tuesday"
"2018-11-27 21:00:00",2163,0,21,"Tuesday"
"2018-11-27 22:00:00",1567,0,22,"Tuesday"
"2018-11-27 23:00:00",920,0,23,"Tuesday"
"2018-11-28 00:00:00",492,0,0,"Wednesday"
"2018-11-28 01:00:00",294,0,1,"Wednesday"
"2018-11-28 02:00:00",217,0,2,"Wednesday"
"2018-11-28 03:00:00",323,0,3,"Wednesday"
"2018-11-28 04:00:00",786,0,4,"Wednesday"
"2018-11-28 05:00:00",2502,0,5,"Wednesday"
"2018-11-28 06:00:00",4898,0,6,"Wednesday"
"2018-11-28 07:00:00",5567,0,7,"Wednesday"
"2018-11-28 08:00:00",5258,0,8,"Wednesday"
"2018-11-28 09:00:00",4790,0,9,"Wednesday"
"2018-11-28 10:00:00",4277,0,10,"Wednesday"
"2018-11-28 11:00:00",4268,0,11,"Wednesday"
"2018-11-28 12:00:00",4379,0,12,"Wednesday"
"2018-11-28 13:00:00",4463,0,13,"Wednesday"
"2018-11-28 14:00:00",4715,0,14,"Wednesday"
"2018-11-28 15:00:00",5230,0,15,"Wednesday"
"2018-11-28 16:00:00",5907,0,16,"Wednesday"
"2018-11-28 17:00:00",5448,0,17,"Wednesday"
"2018-11-28 18:00:00",4070,0,18,"Wednesday"
"2018-11-28 19:00:00",2976,0,19,"Wednesday"
"2018-11-28 20:00:00",2561,0,20,"Wednesday"
"2018-11-28 21:00:00",2377,0,21,"Wednesday"
"2018-11-28 22:00:00",1816,0,22,"Wednesday"
"2018-11-28 23:00:00",1070,0,23,"Wednesday"
"2018-11-29 00:00:00",564,0,0,"Thursday"
"2018-11-29 01:00:00",333,0,1,"Thursday"
"2018-11-29 02:00:00",252,0,2,"Thursday"
"2018-11-29 03:00:00",347,0,3,"Thursday"
"2018-11-29 04:00:00",786,0,4,"Thursday"
"2018-11-29 05:00:00",2514,0,5,"Thursday"
"2018-11-29 06:00:00",4915,0,6,"Thursday"
"2018-11-29 07:00:00",5580,0,7,"Thursday"
"2018-11-29 08:00:00",5235,0,8,"Thursday"
"2018-11-29 09:00:00",4729,0,9,"Thursday"
"2018-11-29 10:00:00",4358,0,10,"Thursday"
"2018-11-29 11:00:00",4389,0,11,"Thursday"
"2018-11-29 12:00:00",4499,0,12,"Thursday"
"2018-11-29 13:00:00",4605,0,13,"Thursday"
"2018-11-29 14:00:00",4838,0,14,"Thursday"
"2018-11-29 15:00:00",5305,0,15,"Thursday"
"2018-11-29 16:00:00",5930,0,16,"Thursday"
"2018-11-29 17:00:00",5487,0,17,"Thursday"
"2018-11-29 18:00:00",4204,0,18,"Thursday"
"2018-11-29 19:00:00",3085,0,19,"Thursday"
"2018-11-29 20:00:00",2685,0,20,"Thursday"
"2018-11-29 21:00:00",2587,0,21,"Thursday"
"2018-11-29 22:00:00",2087,0,22,"Thursday"
"2018-11-29 23:00:00",1284,0,23,"Thursday"
"2018-11-30 00:00:00",705,0,0,"Friday"
"2018-11-30 01:00:00",406,0,1,"Friday"
"2018-11-30 02:00:00",301,0,2,"Friday"
"2018-11-30 03:00:00",379,0,3,"Friday"
"2018-11-30 04:00:00",754,0,4,"Friday"
"2018-11-30 05:00:00",2211,0,5,"Friday"
"2018-11-30 06:00:00",4251,0,6,"Friday"
"2018-11-30 07:00:00",5224,0,7,"Friday"
"2018-11-30 08:00:00",5019,0,8,"Friday"
"2018-11-30 09:00:00",4595,0,9,"Friday"
"2018-11-30 10:00:00",4382,0,10,"Friday"
"2018-11-30 11:00:00",4432,0,11,"Friday"
"2018-11-30 12:00:00",4579,0,12,"Friday"
"2018-11-30 13:00:00",4721,0,13,"Friday"
"2018-11-30 14:00:00",4928,0,14,"Friday"
"2018-11-30 15:00:00",5276,0,15,"Friday"
"2018-11-30 16:00:00",5612,0,16,"Friday"
"2018-11-30 17:00:00",5155,0,17,"Friday"
"2018-11-30 18:00:00",4176,0,18,"Friday"
"2018-11-30 19:00:00",3233,0,19,"Friday"
"2018-11-30 20:00:00",2810,0,20,"Friday"
"2018-11-30 21:00:00",2750,0,21,"Friday"
"2018-11-30 22:00:00",2538,0,22,"Friday"
"2018-11-30 23:00:00",1898,0,23,"Friday"
"2018-12-01 00:00:00",1139,0,0,"Saturday"
"2018-12-01 01:00:00",684,0,1,"Saturday"
"2018-12-01 02:00:00",454,0,2,"Saturday"
"2018-12-01 03:00:00",373,0,3,"Saturday"
"2018-12-01 04:00:00",411,0,4,"Saturday"
"2018-12-01 05:00:00",613,0,5,"Saturday"
"2018-12-01 06:00:00",968,0,6,"Saturday"
"2018-12-01 07:00:00",1394,0,7,"Saturday"
"2018-12-01 08:00:00",1921,0,8,"Saturday"
"2018-12-01 09:00:00",2597,0,9,"Saturday"
"2018-12-01 10:00:00",3273,0,10,"Saturday"
"2018-12-01 11:00:00",3813,0,11,"Saturday"
"2018-12-01 12:00:00",4175,0,12,"Saturday"
"2018-12-01 13:00:00",4352,0,13,"Saturday"
"2018-12-01 14:00:00",4381,0,14,"Saturday"
"2018-12-01 15:00:00",4326,0,15,"Saturday"
"2018-12-01 16:00:00",4225,0,16,"Saturday"
"2018-12-01 17:00:00",3975,0,17,"Saturday"
"2018-12-01 18:00:00",3569,0,18,"Saturday"
"2018-12-01 19:00:00",3031,0,19,"Saturday"
"2018-12-01 20:00:00",2786,0,20,"Saturday"
"2018-12-01 21:00:00",2705,0,21,"Saturday"
"2018-12-01 22:00:00",2422,0,22,"Saturday"
"2018-12-01 23:00:00",1836,0,23,"Saturday"
"2018-12-02 00:00:00",1176,0,0,"Sunday"
"2018-12-02 01:00:00",703,0,1,"Sunday"
"2018-12-02 02:00:00",441,0,2,"Sunday"
"2018-12-02 03:00:00",305,0,3,"Sunday"
"2018-12-02 04:00:00",307,0,4,"Sunday"
"2018-12-02 05:00:00",410,0,5,"Sunday"
"2018-12-02 06:00:00",708,0,6,"Sunday"
"2018-12-02 07:00:00",1104,0,7,"Sunday"
"2018-12-02 08:00:00",1577,0,8,"Sunday"
"2018-12-02 09:00:00",2146,0,9,"Sunday"
"2018-12-02 10:00:00",2786,0,10,"Sunday"
"2018-12-02 11:00:00",3342,0,11,"Sunday"
"2018-12-02 12:00:00",3735,0,12,"Sunday"
"2018-12-02 13:00:00",3972,0,13,"Sunday"
"2018-12-02 14:00:00",4059,0,14,"Sunday"
"2018-12-02 15:00:00",4034,0,15,"Sunday"
"2018-12-02 16:00:00",3917,0,16,"Sunday"
"2018-12-02 17:00:00",3582,0,17,"Sunday"
"2018-12-02 18:00:00",2954,0,18,"Sunday"
"2018-12-02 19:00:00",2465,0,19,"Sunday"
"2018-12-02 20:00:00",2204,0,20,"Sunday"
"2018-12-02 21:00:00",1924,0,21,"Sunday"
"2018-12-02 22:00:00",1474,0,22,"Sunday"
"2018-12-02 23:00:00",930,0,23,"Sunday"
"2018-12-03 00:00:00",537,0,0,"Monday"
"2018-12-03 01:00:00",293,0,1,"Monday"
"2018-12-03 02:00:00",209,0,2,"Monday"
"2018-12-03 03:00:00",317,0,3,"Monday"
"2018-12-03 04:00:00",731,0,4,"Monday"
"2018-12-03 05:00:00",2116,0,5,"Monday"
"2018-12-03 06:00:00",4051,0,6,"Monday"
"2018-12-03 07:00:00",4989,0,7,"Monday"
"2018-12-03 08:00:00",4803,0,8,"Monday"
"2018-12-03 09:00:00",4298,0,9,"Monday"
"2018-12-03 10:00:00",3964,0,10,"Monday"
"2018-12-03 11:00:00",3988,0,11,"Monday"
"2018-12-03 12:00:00",4126,0,12,"Monday"
"2018-12-03 13:00:00",4272,0,13,"Monday"
"2018-12-03 14:00:00",4505,0,14,"Monday"
"2018-12-03 15:00:00",4871,0,15,"Monday"
"2018-12-03 16:00:00",5247,0,16,"Monday"
"2018-12-03 17:00:00",4759,0,17,"Monday"
"2018-12-03 18:00:00",3507,0,18,"Monday"
"2018-12-03 19:00:00",2548,0,19,"Monday"
"2018-12-03 20:00:00",2140,0,20,"Monday"
"2018-12-03 21:00:00",1831,0,21,"Monday"
"2018-12-03 22:00:00",1390,0,22,"Monday"
"2018-12-03 23:00:00",874,0,23,"Monday"
"2018-12-04 00:00:00",482,0,0,"Tuesday"
"2018-12-04 01:00:00",274,0,1,"Tuesday"
"2018-12-04 02:00:00",199,0,2,"Tuesday"
"2018-12-04 03:00:00",320,0,3,"Tuesday"
"2018-12-04 04:00:00",806,0,4,"Tuesday"
"2018-12-04 05:00:00",2436,0,5,"Tuesday"
"2018-12-04 06:00:00",4631,0,6,"Tuesday"
"2018-12-04 07:00:00",5326,0,7,"Tuesday"
"2018-12-04 08:00:00",5030,0,8,"Tuesday"
"2018-12-04 09:00:00",4556,0,9,"Tuesday"
"2018-12-04 10:00:00",4113,0,10,"Tuesday"
"2018-12-04 11:00:00",4096,0,11,"Tuesday"
"2018-12-04 12:00:00",4228,0,12,"Tuesday"
"2018-12-04 13:00:00",4326,0,13,"Tuesday"
"2018-12-04 14:00:00",4612,0,14,"Tuesday"
"2018-12-04 15:00:00",5130,0,15,"Tuesday"
"2018-12-04 16:00:00",5682,0,16,"Tuesday"
"2018-12-04 17:00:00",5161,0,17,"Tuesday"
"2018-12-04 18:00:00",3771,0,18,"Tuesday"
"2018-12-04 19:00:00",2732,0,19,"Tuesday"
"2018-12-04 20:00:00",2351,0,20,"Tuesday"
"2018-12-04 21:00:00",2076,0,21,"Tuesday"
"2018-12-04 22:00:00",1509,0,22,"Tuesday"
"2018-12-04 23:00:00",897,0,23,"Tuesday"
"2018-12-05 00:00:00",486,0,0,"Wednesday"
"2018-12-05 01:00:00",291,0,1,"Wednesday"
"2018-12-05 02:00:00",222,0,2,"Wednesday"
"2018-12-05 03:00:00",334,0,3,"Wednesday"
"2018-12-05 04:00:00",771,0,4,"Wednesday"
"2018-12-05 05:00:00",2331,0,5,"Wednesday"
"2018-12-05 06:00:00",4527,0,6,"Wednesday"
"2018-12-05 07:00:00",5287,0,7,"Wednesday"
"2018-12-05 08:00:00",5058,0,8,"Wednesday"
"2018-12-05 09:00:00",4643,0,9,"Wednesday"
"2018-12-05 10:00:00",4213,0,10,"Wednesday"
"2018-12-05 11:00:00",4197,0,11,"Wednesday"
"2018-12-05 12:00:00",4306,0,12,"Wednesday"
"2018-12-05 13:00:00",4404,0,13,"Wednesday"
"2018-12-05 14:00:00",4666,0,14,"Wednesday"
"2018-12-05 15:00:00",5166,0,15,"Wednesday"
"2018-12-05 16:00:00",5784,0,16,"Wednesday"
"2018-12-05 17:00:00",5299,0,17,"Wednesday"
"2018-12-05 18:00:00",3941,0,18,"Wednesday"
"2018-12-05 19:00:00",2894,0,19,"Wednesday"
"2018-12-05 20:00:00",2487,0,20,"Wednesday"
"2018-12-05 21:00:00",2301,0,21,"Wednesday"
"2018-12-05 22:00:00",1762,0,22,"Wednesday"
"2018-12-05 23:00:00",1049,0,23,"Wednesday"
"2018-12-06 00:00:00",559,0,0,"Thursday"
"2018-12-06 01:00:00",327,0,1,"Thursday"
"2018-12-06 02:00:00",256,0,2,"Thursday"
"2018-12-06 03:00:00",358,0,3,"Thursday"
"2018-12-06 04:00:00",766,0,4,"Thursday"
"2018-12-06 05:00:00",2342,0,5,"Thursday"
"2018-12-06 06:00:00",4585,0,6,"Thursday"
"2018-12-06 07:00:00",5340,0,7,"Thursday"
"2018-12-06 08:00:00",5071,0,8,"Thursday"
"2018-12-06 09:00:00",4618,0,9,"Thursday"
"2018-12-06 10:00:00",4293,0,10,"Thursday"
"2018-12-06 11:00:00",4324,0,11,"Thursday"
"2018-12-06 12:00:00",4439,0,12,"Thursday"
"2018-12-06 13:00:00",4560,0,13,"Thursday"
"2018-12-06 14:00:00",4804,0,14,"Thursday"
"2018-12-06 15:00:00",5259,0,15,"Thursday"
"2018-12-06 16:00:00",5849,0,16,"Thursday"
"2018-12-06 17:00:00",5383,0,17,"Thursday"
"2018-12-06 18:00:00",4098,0,18,"Thursday"
"2018-12-06 19:00:00",3002,0,19,"Thursday"
"2018-12-06 20:00:00",2604,0,20,"Thursday"
"2018-12-06 21:00:00",2527,0,21,"Thursday"
"2018-12-06 22:00:00",2055,0,22,"Thursday"
"2018-12-06 23:00:00",1274,0,23,"Thursday"
"2018-12-07 00:00:00",702,0,0,"Friday"
"2018-12-07 01:00:00",397,0,1,"Friday"
"2018-12-07 02:00:00",300,0,2,"Friday"
"2018-12-07 03:00:00",382,0,3,"Friday"
"2018-12-07 04:00:00",715,0,4,"Friday"
"2018-12-07 05:00:00",1990,0,5,"Friday"
"2018-12-07 06:00:00",3841,0,6,"Friday"
"2018-12-07 07:00:00",4918,0,7,"Friday"
"2018-12-07 08:00:00",4911,0,8,"Friday"
"2018-12-07 09:00:00",4571,0,9,"Friday"
"2018-12-07 10:00:00",4387,0,10,"Friday"
"2018-12-07 11:00:00",4428,0,11,"Friday"
"2018-12-07 12:00:00",4574,0,12,"Friday"
"2018-12-07 13:00:00",4719,0,13,"Friday"
"2018-12-07 14:00:00",4929,0,14,"Friday"
"2018-12-07 15:00:00",5240,0,15,"Friday"
"2018-12-07 16:00:00",5511,0,16,"Friday"
"2018-12-07 17:00:00",5083,0,17,"Friday"
"2018-12-07 18:00:00",4095,0,18,"Friday"
"2018-12-07 19:00:00",3132,0,19,"Friday"
"2018-12-07 20:00:00",2705,0,20,"Friday"
"2018-12-07 21:00:00",2666,0,21,"Friday"
"2018-12-07 22:00:00",2480,0,22,"Friday"
"2018-12-07 23:00:00",1858,0,23,"Friday"
"2018-12-08 00:00:00",1122,0,0,"Saturday"
"2018-12-08 01:00:00",666,0,1,"Saturday"
"2018-12-08 02:00:00",432,0,2,"Saturday"
"2018-12-08 03:00:00",350,0,3,"Saturday"
"2018-12-08 04:00:00",381,0,4,"Saturday"
"2018-12-08 05:00:00",579,0,5,"Saturday"
"2018-12-08 06:00:00",929,0,6,"Saturday"
"2018-12-08 07:00:00",1350,0,7,"Saturday"
"2018-12-08 08:00:00",1854,0,8,"Saturday"
"2018-12-08 09:00:00",2501,0,9,"Saturday"
"2018-12-08 10:00:00",3165,0,10,"Saturday"
"2018-12-08 11:00:00",3710,0,11,"Saturday"
"2018-12-08 12:00:00",4084,0,12,"Saturday"
"2018-12-08 13:00:00",4281,0,13,"Saturday"
"2018-12-08 14:00:00",4323,0,14,"Saturday"
"2018-12-08 15:00:00",4269,0,15,"Saturday"
"2018-12-08 16:00:00",4164,0,16,"Saturday"
"2018-12-08 17:00:00",3910,0,17,"Saturday"
"2018-12-08 18:00:00",3515,0,18,"Saturday"
"2018-12-08 19:00:00",3001,0,19,"Saturday"
"2018-12-08 20:00:00",2772,0,20,"Saturday"
"2018-12-08 21:00:00",2688,0,21,"Saturday"
"2018-12-08 22:00:00",2402,0,22,"Saturday"
"2018-12-08 23:00:00",1818,0,23,"Saturday"
"2018-12-09 00:00:00",1163,0,0,"Sunday"
"2018-12-09 01:00:00",697,0,1,"Sunday"
"2018-12-09 02:00:00",437,0,2,"Sunday"
"2018-12-09 03:00:00",303,0,3,"Sunday"
"2018-12-09 04:00:00",305,0,4,"Sunday"
"2018-12-09 05:00:00",408,0,5,"Sunday"
"2018-12-09 06:00:00",707,0,6,"Sunday"
"2018-12-09 07:00:00",1101,0,7,"Sunday"
"2018-12-09 08:00:00",1571,0,8,"Sunday"
"2018-12-09 09:00:00",2133,0,9,"Sunday"
"2018-12-09 10:00:00",2765,0,10,"Sunday"
"2018-12-09 11:00:00",3317,0,11,"Sunday"
"2018-12-09 12:00:00",3709,0,12,"Sunday"
"2018-12-09 13:00:00",3947,0,13,"Sunday"
"2018-12-09 14:00:00",4039,0,14,"Sunday"
"2018-12-09 15:00:00",4017,0,15,"Sunday"
"2018-12-09 16:00:00",3900,0,16,"Sunday"
"2018-12-09 17:00:00",3565,0,17,"Sunday"
"2018-12-09 18:00:00",2935,0,18,"Sunday"
"2018-12-09 19:00:00",2452,0,19,"Sunday"
"2018-12-09 20:00:00",2196,0,20,"Sunday"
"2018-12-09 21:00:00",1918,0,21,"Sunday"
"2018-12-09 22:00:00",1471,0,22,"Sunday"
"2018-12-09 23:00:00",928,0,23,"Sunday"
"2018-12-10 00:00:00",536,0,0,"Monday"
"2018-12-10 01:00:00",293,0,1,"Monday"
"2018-12-10 02:00:00",209,0,2,"Monday"
"2018-12-10 03:00:00",317,0,3,"Monday"
"2018-12-10 04:00:00",731,0,4,"Monday"
"2018-12-10 05:00:00",2111,0,5,"Monday"
"2018-12-10 06:00:00",4037,0,6,"Monday"
"2018-12-10 07:00:00",4974,0,7,"Monday"
"2018-12-10 08:00:00",4793,0,8,"Monday"
"2018-12-10 09:00:00",4290,0,9,"Monday"
"2018-12-10 10:00:00",3960,0,10,"Monday"
"2018-12-10 11:00:00",3985,0,11,"Monday"
"2018-12-10 12:00:00",4123,0,12,"Monday"
"2018-12-10 13:00:00",4268,0,13,"Monday"
"2018-12-10 14:00:00",4501,0,14,"Monday"
"2018-12-10 15:00:00",4865,0,15,"Monday"
"2018-12-10 16:00:00",5238,0,16,"Monday"
"2018-12-10 17:00:00",4752,0,17,"Monday"
"2018-12-10 18:00:00",3503,0,18,"Monday"
"2018-12-10 19:00:00",2546,0,19,"Monday"
"2018-12-10 20:00:00",2138,0,20,"Monday"
"2018-12-10 21:00:00",1829,0,21,"Monday"
"2018-12-10 22:00:00",1389,0,22,"Monday"
"2018-12-10 23:00:00",873,0,23,"Monday"
"2018-12-11 00:00:00",481,0,0,"Tuesday"
"2018-12-11 01:00:00",274,0,1,"Tuesday"
"2018-12-11 02:00:00",199,0,2,"Tuesday"
"2018-12-11 03:00:00",321,0,3,"Tuesday"
"2018-12-11 04:00:00",807,0,4,"Tuesday"
"2018-12-11 05:00:00",2436,0,5,"Tuesday"
"2018-12-11 06:00:00",4628,0,6,"Tuesday"
"2018-12-11 07:00:00",5323,0,7,"Tuesday"
"2018-12-11 08:00:00",5028,0,8,"Tuesday"
"2018-12-11 09:00:00",4554,0,9,"Tuesday"
"2018-12-11 10:00:00",4112,0,10,"Tuesday"
"2018-12-11 11:00:00",4096,0,11,"Tuesday"
"2018-12-11 12:00:00",4227,0,12,"Tuesday"
"2018-12-11 13:00:00",4325,0,13,"Tuesday"
"2018-12-11 14:00:00",4611,0,14,"Tuesday"
"2018-12-11 15:00:00",5130,0,15,"Tuesday"
"2018-12-11 16:00:00",5681,0,16,"Tuesday"
"2018-12-11 17:00:00",5159,0,17,"Tuesday"
"2018-12-11 18:00:00",3770,0,18,"Tuesday"
"2018-12-11 19:00:00",2732,0,19,"Tuesday"
"2018-12-11 20:00:00",2351,0,20,"Tuesday"
"2018-12-11 21:00:00",2076,0,21,"Tuesday"
"2018-12-11 22:00:00",1509,0,22,"Tuesday"
"2018-12-11 23:00:00",897,0,23,"Tuesday"
"2018-12-12 00:00:00",486,0,0,"Wednesday"
"2018-12-12 01:00:00",291,0,1,"Wednesday"
"2018-12-12 02:00:00",222,0,2,"Wednesday"
"2018-12-12 03:00:00",334,0,3,"Wednesday"
"2018-12-12 04:00:00",771,0,4,"Wednesday"
"2018-12-12 05:00:00",2331,0,5,"Wednesday"
"2018-12-12 06:00:00",4527,0,6,"Wednesday"
"2018-12-12 07:00:00",5286,0,7,"Wednesday"
"2018-12-12 08:00:00",5057,0,8,"Wednesday"
"2018-12-12 09:00:00",4643,0,9,"Wednesday"
"2018-12-12 10:00:00",4213,0,10,"Wednesday"
"2018-12-12 11:00:00",4197,0,11,"Wednesday"
"2018-12-12 12:00:00",4306,0,12,"Wednesday"
"2018-12-12 13:00:00",4404,0,13,"Wednesday"
"2018-12-12 14:00:00",4666,0,14,"Wednesday"
"2018-12-12 15:00:00",5165,0,15,"Wednesday"
"2018-12-12 16:00:00",5784,0,16,"Wednesday"
"2018-12-12 17:00:00",5299,0,17,"Wednesday"
"2018-12-12 18:00:00",3941,0,18,"Wednesday"
"2018-12-12 19:00:00",2893,0,19,"Wednesday"
"2018-12-12 20:00:00",2487,0,20,"Wednesday"
"2018-12-12 21:00:00",2301,0,21,"Wednesday"
"2018-12-12 22:00:00",1762,0,22,"Wednesday"
"2018-12-12 23:00:00",1049,0,23,"Wednesday"
"2018-12-13 00:00:00",559,0,0,"Thursday"
"2018-12-13 01:00:00",327,0,1,"Thursday"
"2018-12-13 02:00:00",256,0,2,"Thursday"
"2018-12-13 03:00:00",358,0,3,"Thursday"
"2018-12-13 04:00:00",766,0,4,"Thursday"
"2018-12-13 05:00:00",2342,0,5,"Thursday"
"2018-12-13 06:00:00",4584,0,6,"Thursday"
"2018-12-13 07:00:00",5340,0,7,"Thursday"
"2018-12-13 08:00:00",5070,0,8,"Thursday"
"2018-12-13 09:00:00",4618,0,9,"Thursday"
"2018-12-13 10:00:00",4293,0,10,"Thursday"
"2018-12-13 11:00:00",4324,0,11,"Thursday"
"2018-12-13 12:00:00",4439,0,12,"Thursday"
"2018-12-13 13:00:00",4560,0,13,"Thursday"
"2018-12-13 14:00:00",4804,0,14,"Thursday"
"2018-12-13 15:00:00",5259,0,15,"Thursday"
"2018-12-13 16:00:00",5849,0,16,"Thursday"
"2018-12-13 17:00:00",5383,0,17,"Thursday"
"2018-12-13 18:00:00",4098,0,18,"Thursday"
"2018-12-13 19:00:00",3002,0,19,"Thursday"
"2018-12-13 20:00:00",2604,0,20,"Thursday"
"2018-12-13 21:00:00",2527,0,21,"Thursday"
"2018-12-13 22:00:00",2055,0,22,"Thursday"
"2018-12-13 23:00:00",1274,0,23,"Thursday"
"2018-12-14 00:00:00",702,0,0,"Friday"
"2018-12-14 01:00:00",397,0,1,"Friday"
"2018-12-14 02:00:00",300,0,2,"Friday"
"2018-12-14 03:00:00",382,0,3,"Friday"
"2018-12-14 04:00:00",715,0,4,"Friday"
"2018-12-14 05:00:00",1990,0,5,"Friday"
"2018-12-14 06:00:00",3841,0,6,"Friday"
"2018-12-14 07:00:00",4918,0,7,"Friday"
"2018-12-14 08:00:00",4911,0,8,"Friday"
"2018-12-14 09:00:00",4571,0,9,"Friday"
"2018-12-14 10:00:00",4387,0,10,"Friday"
"2018-12-14 11:00:00",4428,0,11,"Friday"
"2018-12-14 12:00:00",4574,0,12,"Friday"
"2018-12-14 13:00:00",4719,0,13,"Friday"
"2018-12-14 14:00:00",4929,0,14,"Friday"
"2018-12-14 15:00:00",5240,0,15,"Friday"
"2018-12-14 16:00:00",5511,0,16,"Friday"
"2018-12-14 17:00:00",5083,0,17,"Friday"
"2018-12-14 18:00:00",4095,0,18,"Friday"
"2018-12-14 19:00:00",3132,0,19,"Friday"
"2018-12-14 20:00:00",2705,0,20,"Friday"
"2018-12-14 21:00:00",2666,0,21,"Friday"
"2018-12-14 22:00:00",2480,0,22,"Friday"
"2018-12-14 23:00:00",1858,0,23,"Friday"
"2018-12-15 00:00:00",1122,0,0,"Saturday"
"2018-12-15 01:00:00",666,0,1,"Saturday"
"2018-12-15 02:00:00",432,0,2,"Saturday"
"2018-12-15 03:00:00",350,0,3,"Saturday"
"2018-12-15 04:00:00",381,0,4,"Saturday"
"2018-12-15 05:00:00",579,0,5,"Saturday"
"2018-12-15 06:00:00",929,0,6,"Saturday"
"2018-12-15 07:00:00",1350,0,7,"Saturday"
"2018-12-15 08:00:00",1854,0,8,"Saturday"
"2018-12-15 09:00:00",2501,0,9,"Saturday"
"2018-12-15 10:00:00",3165,0,10,"Saturday"
"2018-12-15 11:00:00",3710,0,11,"Saturday"
"2018-12-15 12:00:00",4084,0,12,"Saturday"
"2018-12-15 13:00:00",4281,0,13,"Saturday"
"2018-12-15 14:00:00",4323,0,14,"Saturday"
"2018-12-15 15:00:00",4269,0,15,"Saturday"
"2018-12-15 16:00:00",4164,0,16,"Saturday"
"2018-12-15 17:00:00",3910,0,17,"Saturday"
"2018-12-15 18:00:00",3515,0,18,"Saturday"
"2018-12-15 19:00:00",3001,0,19,"Saturday"
"2018-12-15 20:00:00",2772,0,20,"Saturday"
"2018-12-15 21:00:00",2688,0,21,"Saturday"
"2018-12-15 22:00:00",2402,0,22,"Saturday"
"2018-12-15 23:00:00",1818,0,23,"Saturday"
"2018-12-16 00:00:00",1163,0,0,"Sunday"
"2018-12-16 01:00:00",697,0,1,"Sunday"
"2018-12-16 02:00:00",437,0,2,"Sunday"
"2018-12-16 03:00:00",303,0,3,"Sunday"
"2018-12-16 04:00:00",305,0,4,"Sunday"
"2018-12-16 05:00:00",408,0,5,"Sunday"
"2018-12-16 06:00:00",707,0,6,"Sunday"
"2018-12-16 07:00:00",1101,0,7,"Sunday"
"2018-12-16 08:00:00",1571,0,8,"Sunday"
"2018-12-16 09:00:00",2133,0,9,"Sunday"
"2018-12-16 10:00:00",2765,0,10,"Sunday"
"2018-12-16 11:00:00",3317,0,11,"Sunday"
"2018-12-16 12:00:00",3709,0,12,"Sunday"
"2018-12-16 13:00:00",3947,0,13,"Sunday"
"2018-12-16 14:00:00",4039,0,14,"Sunday"
"2018-12-16 15:00:00",4017,0,15,"Sunday"
"2018-12-16 16:00:00",3900,0,16,"Sunday"
"2018-12-16 17:00:00",3565,0,17,"Sunday"
"2018-12-16 18:00:00",2935,0,18,"Sunday"
"2018-12-16 19:00:00",2452,0,19,"Sunday"
"2018-12-16 20:00:00",2196,0,20,"Sunday"
"2018-12-16 21:00:00",1918,0,21,"Sunday"
"2018-12-16 22:00:00",1471,0,22,"Sunday"
"2018-12-16 23:00:00",928,0,23,"Sunday"
"2018-12-17 00:00:00",536,0,0,"Monday"
"2018-12-17 01:00:00",293,0,1,"Monday"
"2018-12-17 02:00:00",209,0,2,"Monday"
"2018-12-17 03:00:00",317,0,3,"Monday"
"2018-12-17 04:00:00",731,0,4,"Monday"
"2018-12-17 05:00:00",2111,0,5,"Monday"
"2018-12-17 06:00:00",4037,0,6,"Monday"
"2018-12-17 07:00:00",4974,0,7,"Monday"
"2018-12-17 08:00:00",4793,0,8,"Monday"
"2018-12-17 09:00:00",4290,0,9,"Monday"
"2018-12-17 10:00:00",3960,0,10,"Monday"
"2018-12-17 11:00:00",3985,0,11,"Monday"
"2018-12-17 12:00:00",4123,0,12,"Monday"
"2018-12-17 13:00:00",4268,0,13,"Monday"
"2018-12-17 14:00:00",4501,0,14,"Monday"
"2018-12-17 15:00:00",4865,0,15,"Monday"
"2018-12-17 16:00:00",5238,0,16,"Monday"
"2018-12-17 17:00:00",4752,0,17,"Monday"
"2018-12-17 18:00:00",3503,0,18,"Monday"
"2018-12-17 19:00:00",2546,0,19,"Monday"
"2018-12-17 20:00:00",2138,0,20,"Monday"
"2018-12-17 21:00:00",1829,0,21,"Monday"
"2018-12-17 22:00:00",1389,0,22,"Monday"
"2018-12-17 23:00:00",873,0,23,"Monday"
"2018-12-18 00:00:00",481,0,0,"Tuesday"
"2018-12-18 01:00:00",274,0,1,"Tuesday"
"2018-12-18 02:00:00",199,0,2,"Tuesday"
"2018-12-18 03:00:00",321,0,3,"Tuesday"
"2018-12-18 04:00:00",807,0,4,"Tuesday"
"2018-12-18 05:00:00",2436,0,5,"Tuesday"
"2018-12-18 06:00:00",4628,0,6,"Tuesday"
"2018-12-18 07:00:00",5323,0,7,"Tuesday"
"2018-12-18 08:00:00",5028,0,8,"Tuesday"
"2018-12-18 09:00:00",4554,0,9,"Tuesday"
"2018-12-18 10:00:00",4112,0,10,"Tuesday"
"2018-12-18 11:00:00",4096,0,11,"Tuesday"
"2018-12-18 12:00:00",4227,0,12,"Tuesday"
"2018-12-18 13:00:00",4325,0,13,"Tuesday"
"2018-12-18 14:00:00",4611,0,14,"Tuesday"
"2018-12-18 15:00:00",5130,0,15,"Tuesday"
"2018-12-18 16:00:00",5681,0,16,"Tuesday"
"2018-12-18 17:00:00",5159,0,17,"Tuesday"
"2018-12-18 18:00:00",3770,0,18,"Tuesday"
"2018-12-18 19:00:00",2732,0,19,"Tuesday"
"2018-12-18 20:00:00",2351,0,20,"Tuesday"
"2018-12-18 21:00:00",2076,0,21,"Tuesday"
"2018-12-18 22:00:00",1509,0,22,"Tuesday"
"2018-12-18 23:00:00",897,0,23,"Tuesday"
"2018-12-19 00:00:00",486,0,0,"Wednesday"
"2018-12-19 01:00:00",291,0,1,"Wednesday"
"2018-12-19 02:00:00",222,0,2,"Wednesday"
"2018-12-19 03:00:00",334,0,3,"Wednesday"
"2018-12-19 04:00:00",771,0,4,"Wednesday"
"2018-12-19 05:00:00",2331,0,5,"Wednesday"
"2018-12-19 06:00:00",4527,0,6,"Wednesday"
"2018-12-19 07:00:00",5286,0,7,"Wednesday"
"2018-12-19 08:00:00",5057,0,8,"Wednesday"
"2018-12-19 09:00:00",4643,0,9,"Wednesday"
"2018-12-19 10:00:00",4213,0,10,"Wednesday"
"2018-12-19 11:00:00",4197,0,11,"Wednesday"
"2018-12-19 12:00:00",4306,0,12,"Wednesday"
"2018-12-19 13:00:00",4404,0,13,"Wednesday"
"2018-12-19 14:00:00",4666,0,14,"Wednesday"
"2018-12-19 15:00:00",5165,0,15,"Wednesday"
"2018-12-19 16:00:00",5784,0,16,"Wednesday"
"2018-12-19 17:00:00",5299,0,17,"Wednesday"
"2018-12-19 18:00:00",3941,0,18,"Wednesday"
"2018-12-19 19:00:00",2893,0,19,"Wednesday"
"2018-12-19 20:00:00",2487,0,20,"Wednesday"
"2018-12-19 21:00:00",2301,0,21,"Wednesday"
"2018-12-19 22:00:00",1762,0,22,"Wednesday"
"2018-12-19 23:00:00",1049,0,23,"Wednesday"
"2018-12-20 00:00:00",559,0,0,"Thursday"
"2018-12-20 01:00:00",327,0,1,"Thursday"
"2018-12-20 02:00:00",256,0,2,"Thursday"
"2018-12-20 03:00:00",358,0,3,"Thursday"
"2018-12-20 04:00:00",766,0,4,"Thursday"
"2018-12-20 05:00:00",2342,0,5,"Thursday"
"2018-12-20 06:00:00",4584,0,6,"Thursday"
"2018-12-20 07:00:00",5340,0,7,"Thursday"
"2018-12-20 08:00:00",5070,0,8,"Thursday"
"2018-12-20 09:00:00",4618,0,9,"Thursday"
"2018-12-20 10:00:00",4293,0,10,"Thursday"
"2018-12-20 11:00:00",4324,0,11,"Thursday"
"2018-12-20 12:00:00",4439,0,12,"Thursday"
"2018-12-20 13:00:00",4560,0,13,"Thursday"
"2018-12-20 14:00:00",4804,0,14,"Thursday"
"2018-12-20 15:00:00",5259,0,15,"Thursday"
"2018-12-20 16:00:00",5849,0,16,"Thursday"
"2018-12-20 17:00:00",5383,0,17,"Thursday"
"2018-12-20 18:00:00",4098,0,18,"Thursday"
"2018-12-20 19:00:00",3002,0,19,"Thursday"
"2018-12-20 20:00:00",2604,0,20,"Thursday"
"2018-12-20 21:00:00",2527,0,21,"Thursday"
"2018-12-20 22:00:00",2055,0,22,"Thursday"
"2018-12-20 23:00:00",1274,0,23,"Thursday"
"2018-12-21 00:00:00",702,0,0,"Friday"
"2018-12-21 01:00:00",397,0,1,"Friday"
"2018-12-21 02:00:00",300,0,2,"Friday"
"2018-12-21 03:00:00",382,0,3,"Friday"
"2018-12-21 04:00:00",715,0,4,"Friday"
"2018-12-21 05:00:00",1990,0,5,"Friday"
"2018-12-21 06:00:00",3841,0,6,"Friday"
"2018-12-21 07:00:00",4918,0,7,"Friday"
"2018-12-21 08:00:00",4911,0,8,"Friday"
"2018-12-21 09:00:00",4571,0,9,"Friday"
"2018-12-21 10:00:00",4387,0,10,"Friday"
"2018-12-21 11:00:00",4428,0,11,"Friday"
"2018-12-21 12:00:00",4574,0,12,"Friday"
"2018-12-21 13:00:00",4719,0,13,"Friday"
"2018-12-21 14:00:00",4929,0,14,"Friday"
"2018-12-21 15:00:00",5240,0,15,"Friday"
"2018-12-21 16:00:00",5511,0,16,"Friday"
"2018-12-21 17:00:00",5083,0,17,"Friday"
"2018-12-21 18:00:00",4095,0,18,"Friday"
"2018-12-21 19:00:00",3132,0,19,"Friday"
"2018-12-21 20:00:00",2705,0,20,"Friday"
"2018-12-21 21:00:00",2666,0,21,"Friday"
"2018-12-21 22:00:00",2480,0,22,"Friday"
"2018-12-21 23:00:00",1858,0,23,"Friday"
"2018-12-22 00:00:00",1122,0,0,"Saturday"
"2018-12-22 01:00:00",666,0,1,"Saturday"
"2018-12-22 02:00:00",432,0,2,"Saturday"
"2018-12-22 03:00:00",350,0,3,"Saturday"
"2018-12-22 04:00:00",381,0,4,"Saturday"
"2018-12-22 05:00:00",579,0,5,"Saturday"
"2018-12-22 06:00:00",929,0,6,"Saturday"
"2018-12-22 07:00:00",1350,0,7,"Saturday"
"2018-12-22 08:00:00",1854,0,8,"Saturday"
"2018-12-22 09:00:00",2501,0,9,"Saturday"
"2018-12-22 10:00:00",3165,0,10,"Saturday"
"2018-12-22 11:00:00",3710,0,11,"Saturday"
"2018-12-22 12:00:00",4084,0,12,"Saturday"
"2018-12-22 13:00:00",4281,0,13,"Saturday"
"2018-12-22 14:00:00",4323,0,14,"Saturday"
"2018-12-22 15:00:00",4269,0,15,"Saturday"
"2018-12-22 16:00:00",4164,0,16,"Saturday"
"2018-12-22 17:00:00",3910,0,17,"Saturday"
"2018-12-22 18:00:00",3515,0,18,"Saturday"
"2018-12-22 19:00:00",3001,0,19,"Saturday"
"2018-12-22 20:00:00",2772,0,20,"Saturday"
"2018-12-22 21:00:00",2688,0,21,"Saturday"
"2018-12-22 22:00:00",2402,0,22,"Saturday"
"2018-12-22 23:00:00",1818,0,23,"Saturday"
"2018-12-23 00:00:00",1163,0,0,"Sunday"
"2018-12-23 01:00:00",697,0,1,"Sunday"
"2018-12-23 02:00:00",437,0,2,"Sunday"
"2018-12-23 03:00:00",303,0,3,"Sunday"
"2018-12-23 04:00:00",305,0,4,"Sunday"
"2018-12-23 05:00:00",408,0,5,"Sunday"
"2018-12-23 06:00:00",707,0,6,"Sunday"
"2018-12-23 07:00:00",1101,0,7,"Sunday"
"2018-12-23 08:00:00",1571,0,8,"Sunday"
"2018-12-23 09:00:00",2133,0,9,"Sunday"
"2018-12-23 10:00:00",2765,0,10,"Sunday"
"2018-12-23 11:00:00",3317,0,11,"Sunday"
"2018-12-23 12:00:00",3709,0,12,"Sunday"
"2018-12-23 13:00:00",3947,0,13,"Sunday"
"2018-12-23 14:00:00",4039,0,14,"Sunday"
"2018-12-23 15:00:00",4017,0,15,"Sunday"
"2018-12-23 16:00:00",3900,0,16,"Sunday"
"2018-12-23 17:00:00",3565,0,17,"Sunday"
"2018-12-23 18:00:00",2935,0,18,"Sunday"
"2018-12-23 19:00:00",2452,0,19,"Sunday"
"2018-12-23 20:00:00",2196,0,20,"Sunday"
"2018-12-23 21:00:00",1918,0,21,"Sunday"
"2018-12-23 22:00:00",1471,0,22,"Sunday"
"2018-12-23 23:00:00",928,0,23,"Sunday"
"2018-12-24 00:00:00",536,0,0,"Monday"
"2018-12-24 01:00:00",293,0,1,"Monday"
"2018-12-24 02:00:00",209,0,2,"Monday"
"2018-12-24 03:00:00",317,0,3,"Monday"
"2018-12-24 04:00:00",731,0,4,"Monday"
"2018-12-24 05:00:00",2111,0,5,"Monday"
"2018-12-24 06:00:00",4037,0,6,"Monday"
"2018-12-24 07:00:00",4974,0,7,"Monday"
"2018-12-24 08:00:00",4793,0,8,"Monday"
"2018-12-24 09:00:00",4290,0,9,"Monday"
"2018-12-24 10:00:00",3960,0,10,"Monday"
"2018-12-24 11:00:00",3985,0,11,"Monday"
"2018-12-24 12:00:00",4123,0,12,"Monday"
"2018-12-24 13:00:00",4268,0,13,"Monday"
"2018-12-24 14:00:00",4501,0,14,"Monday"
"2018-12-24 15:00:00",4865,0,15,"Monday"
"2018-12-24 16:00:00",5238,0,16,"Monday"
"2018-12-24 17:00:00",4752,0,17,"Monday"
"2018-12-24 18:00:00",3503,0,18,"Monday"
"2018-12-24 19:00:00",2546,0,19,"Monday"
"2018-12-24 20:00:00",2138,0,20,"Monday"
"2018-12-24 21:00:00",1829,0,21,"Monday"
"2018-12-24 22:00:00",1389,0,22,"Monday"
"2018-12-24 23:00:00",873,0,23,"Monday"
"2018-12-25 00:00:00",481,1,0,"Tuesday"
"2018-12-25 01:00:00",292,1,1,"Tuesday"
"2018-12-25 02:00:00",135,1,2,"Tuesday"
"2018-12-25 03:00:00",202,1,3,"Tuesday"
"2018-12-25 04:00:00",373,1,4,"Tuesday"
"2018-12-25 05:00:00",793,1,5,"Tuesday"
"2018-12-25 06:00:00",1098,1,6,"Tuesday"
"2018-12-25 07:00:00",1204,1,7,"Tuesday"
"2018-12-25 08:00:00",1371,1,8,"Tuesday"
"2018-12-25 09:00:00",1704,1,9,"Tuesday"
"2018-12-25 10:00:00",2124,1,10,"Tuesday"
"2018-12-25 11:00:00",2506,1,11,"Tuesday"
"2018-12-25 12:00:00",2876,1,12,"Tuesday"
"2018-12-25 13:00:00",3247,1,13,"Tuesday"
"2018-12-25 14:00:00",3526,1,14,"Tuesday"
"2018-12-25 15:00:00",3656,1,15,"Tuesday"
"2018-12-25 16:00:00",3647,1,16,"Tuesday"
"2018-12-25 17:00:00",3292,1,17,"Tuesday"
"2018-12-25 18:00:00",2845,1,18,"Tuesday"
"2018-12-25 19:00:00",2508,1,19,"Tuesday"
"2018-12-25 20:00:00",2242,1,20,"Tuesday"
"2018-12-25 21:00:00",1917,1,21,"Tuesday"
"2018-12-25 22:00:00",1411,1,22,"Tuesday"
"2018-12-25 23:00:00",870,1,23,"Tuesday"
"2018-12-26 00:00:00",410,0,0,"Wednesday"
"2018-12-26 01:00:00",158,0,1,"Wednesday"
"2018-12-26 02:00:00",117,0,2,"Wednesday"
"2018-12-26 03:00:00",221,0,3,"Wednesday"
"2018-12-26 04:00:00",573,0,4,"Wednesday"
"2018-12-26 05:00:00",1770,0,5,"Wednesday"
"2018-12-26 06:00:00",3448,0,6,"Wednesday"
"2018-12-26 07:00:00",4436,0,7,"Wednesday"
"2018-12-26 08:00:00",4544,0,8,"Wednesday"
"2018-12-26 09:00:00",4300,0,9,"Wednesday"
"2018-12-26 10:00:00",4053,0,10,"Wednesday"
"2018-12-26 11:00:00",4033,0,11,"Wednesday"
"2018-12-26 12:00:00",4125,0,12,"Wednesday"
"2018-12-26 13:00:00",4264,0,13,"Wednesday"
"2018-12-26 14:00:00",4530,0,14,"Wednesday"
"2018-12-26 15:00:00",4978,0,15,"Wednesday"
"2018-12-26 16:00:00",5487,0,16,"Wednesday"
"2018-12-26 17:00:00",5064,0,17,"Wednesday"
"2018-12-26 18:00:00",3836,0,18,"Wednesday"
"2018-12-26 19:00:00",2857,0,19,"Wednesday"
"2018-12-26 20:00:00",2451,0,20,"Wednesday"
"2018-12-26 21:00:00",2225,0,21,"Wednesday"
"2018-12-26 22:00:00",1689,0,22,"Wednesday"
"2018-12-26 23:00:00",1012,0,23,"Wednesday"
"2018-12-27 00:00:00",546,0,0,"Thursday"
"2018-12-27 01:00:00",322,0,1,"Thursday"
"2018-12-27 02:00:00",257,0,2,"Thursday"
"2018-12-27 03:00:00",361,0,3,"Thursday"
"2018-12-27 04:00:00",759,0,4,"Thursday"
"2018-12-27 05:00:00",2272,0,5,"Thursday"
"2018-12-27 06:00:00",4415,0,6,"Thursday"
"2018-12-27 07:00:00",5207,0,7,"Thursday"
"2018-12-27 08:00:00",4979,0,8,"Thursday"
"2018-12-27 09:00:00",4553,0,9,"Thursday"
"2018-12-27 10:00:00",4252,0,10,"Thursday"
"2018-12-27 11:00:00",4282,0,11,"Thursday"
"2018-12-27 12:00:00",4395,0,12,"Thursday"
"2018-12-27 13:00:00",4520,0,13,"Thursday"
"2018-12-27 14:00:00",4764,0,14,"Thursday"
"2018-12-27 15:00:00",5212,0,15,"Thursday"
"2018-12-27 16:00:00",5783,0,16,"Thursday"
"2018-12-27 17:00:00",5324,0,17,"Thursday"
"2018-12-27 18:00:00",4062,0,18,"Thursday"
"2018-12-27 19:00:00",2987,0,19,"Thursday"
"2018-12-27 20:00:00",2590,0,20,"Thursday"
"2018-12-27 21:00:00",2512,0,21,"Thursday"
"2018-12-27 22:00:00",2042,0,22,"Thursday"
"2018-12-27 23:00:00",1267,0,23,"Thursday"
"2018-12-28 00:00:00",700,0,0,"Friday"
"2018-12-28 01:00:00",397,0,1,"Friday"
"2018-12-28 02:00:00",301,0,2,"Friday"
"2018-12-28 03:00:00",383,0,3,"Friday"
"2018-12-28 04:00:00",712,0,4,"Friday"
"2018-12-28 05:00:00",1962,0,5,"Friday"
"2018-12-28 06:00:00",3773,0,6,"Friday"
"2018-12-28 07:00:00",4858,0,7,"Friday"
"2018-12-28 08:00:00",4878,0,8,"Friday"
"2018-12-28 09:00:00",4554,0,9,"Friday"
"2018-12-28 10:00:00",4380,0,10,"Friday"
"2018-12-28 11:00:00",4420,0,11,"Friday"
"2018-12-28 12:00:00",4565,0,12,"Friday"
"2018-12-28 13:00:00",4709,0,13,"Friday"
"2018-12-28 14:00:00",4917,0,14,"Friday"
"2018-12-28 15:00:00",5219,0,15,"Friday"
"2018-12-28 16:00:00",5485,0,16,"Friday"
"2018-12-28 17:00:00",5065,0,17,"Friday"
"2018-12-28 18:00:00",4086,0,18,"Friday"
"2018-12-28 19:00:00",3127,0,19,"Friday"
"2018-12-28 20:00:00",2700,0,20,"Friday"
"2018-12-28 21:00:00",2662,0,21,"Friday"
"2018-12-28 22:00:00",2475,0,22,"Friday"
"2018-12-28 23:00:00",1855,0,23,"Friday"
"2018-12-29 00:00:00",1121,0,0,"Saturday"
"2018-12-29 01:00:00",666,0,1,"Saturday"
"2018-12-29 02:00:00",432,0,2,"Saturday"
"2018-12-29 03:00:00",350,0,3,"Saturday"
"2018-12-29 04:00:00",380,0,4,"Saturday"
"2018-12-29 05:00:00",577,0,5,"Saturday"
"2018-12-29 06:00:00",927,0,6,"Saturday"
"2018-12-29 07:00:00",1347,0,7,"Saturday"
"2018-12-29 08:00:00",1850,0,8,"Saturday"
"2018-12-29 09:00:00",2493,0,9,"Saturday"
"2018-12-29 10:00:00",3156,0,10,"Saturday"
"2018-12-29 11:00:00",3702,0,11,"Saturday"
"2018-12-29 12:00:00",4076,0,12,"Saturday"
"2018-12-29 13:00:00",4275,0,13,"Saturday"
"2018-12-29 14:00:00",4318,0,14,"Saturday"
"2018-12-29 15:00:00",4264,0,15,"Saturday"
"2018-12-29 16:00:00",4159,0,16,"Saturday"
"2018-12-29 17:00:00",3905,0,17,"Saturday"
"2018-12-29 18:00:00",3510,0,18,"Saturday"
"2018-12-29 19:00:00",2999,0,19,"Saturday"
"2018-12-29 20:00:00",2771,0,20,"Saturday"
"2018-12-29 21:00:00",2687,0,21,"Saturday"
"2018-12-29 22:00:00",2400,0,22,"Saturday"
"2018-12-29 23:00:00",1817,0,23,"Saturday"
"2018-12-30 00:00:00",1163,0,0,"Sunday"
"2018-12-30 01:00:00",696,0,1,"Sunday"
"2018-12-30 02:00:00",437,0,2,"Sunday"
"2018-12-30 03:00:00",303,0,3,"Sunday"
"2018-12-30 04:00:00",304,0,4,"Sunday"
"2018-12-30 05:00:00",408,0,5,"Sunday"
"2018-12-30 06:00:00",706,0,6,"Sunday"
"2018-12-30 07:00:00",1101,0,7,"Sunday"
"2018-12-30 08:00:00",1570,0,8,"Sunday"
"2018-12-30 09:00:00",2132,0,9,"Sunday"
"2018-12-30 10:00:00",2763,0,10,"Sunday"
"2018-12-30 11:00:00",3315,0,11,"Sunday"
"2018-12-30 12:00:00",3707,0,12,"Sunday"
"2018-12-30 13:00:00",3946,0,13,"Sunday"
"2018-12-30 14:00:00",4038,0,14,"Sunday"
"2018-12-30 15:00:00",4016,0,15,"Sunday"
"2018-12-30 16:00:00",3898,0,16,"Sunday"
"2018-12-30 17:00:00",3563,0,17,"Sunday"
"2018-12-30 18:00:00",2934,0,18,"Sunday"
"2018-12-30 19:00:00",2451,0,19,"Sunday"
"2018-12-30 20:00:00",2195,0,20,"Sunday"
"2018-12-30 21:00:00",1918,0,21,"Sunday"
"2018-12-30 22:00:00",1470,0,22,"Sunday"
"2018-12-30 23:00:00",928,0,23,"Sunday"
"2018-12-31 00:00:00",535,0,0,"Monday"
"2018-12-31 01:00:00",292,0,1,"Monday"
"2018-12-31 02:00:00",209,0,2,"Monday"
"2018-12-31 03:00:00",317,0,3,"Monday"
"2018-12-31 04:00:00",731,0,4,"Monday"
"2018-12-31 05:00:00",2111,0,5,"Monday"
"2018-12-31 06:00:00",4036,0,6,"Monday"
"2018-12-31 07:00:00",4973,0,7,"Monday"
"2018-12-31 08:00:00",4792,0,8,"Monday"
"2018-12-31 09:00:00",4290,0,9,"Monday"
"2018-12-31 10:00:00",3960,0,10,"Monday"
"2018-12-31 11:00:00",3984,0,11,"Monday"
"2018-12-31 12:00:00",4123,0,12,"Monday"
"2018-12-31 13:00:00",4268,0,13,"Monday"
"2018-12-31 14:00:00",4500,0,14,"Monday"
"2018-12-31 15:00:00",4864,0,15,"Monday"
"2018-12-31 16:00:00",5237,0,16,"Monday"
"2018-12-31 17:00:00",4751,0,17,"Monday"
"2018-12-31 18:00:00",3503,0,18,"Monday"
"2018-12-31 19:00:00",2546,0,19,"Monday"
"2018-12-31 20:00:00",2138,0,20,"Monday"
"2018-12-31 21:00:00",1829,0,21,"Monday"
"2018-12-31 22:00:00",1388,0,22,"Monday"
"2018-12-31 23:00:00",873,0,23,"Monday"
